set,study,cls,gt_present,gt_vox,pred_vox,dice,nsd
FLOOR_US,ReMIND-003-post,lesion,1,2099,3507,0.032465215840171244,0.1053082191780822
FLOOR_US,ReMIND-003-post,tumor,0,0,2333,nan,nan
FLOOR_US,ReMIND-003-post,cavity,1,2099,1174,0.05560647723800794,0.13435281267067176
FLOOR_US,ReMIND-003-pre,lesion,1,10844,7948,0.6694338016177097,0.5436654366543665
FLOOR_US,ReMIND-003-pre,tumor,1,10844,7396,0.6782894736842106,0.5947507825668191
FLOOR_US,ReMIND-003-pre,cavity,0,0,552,nan,nan
FLOOR_US,ReMIND-004-pre,lesion,1,2043,122,0.05542725173210162,0.23164556962025318
FLOOR_US,ReMIND-004-pre,tumor,1,2043,0,0.0,nan
FLOOR_US,ReMIND-004-pre,cavity,0,0,122,nan,nan
FLOOR_US,ReMIND-023-pre,lesion,1,3895,2029,0.04186360567184335,0.0007550018875047187
FLOOR_US,ReMIND-023-pre,tumor,1,3895,1633,0.04486251808972504,0.0007339449541284404
FLOOR_US,ReMIND-023-pre,cavity,0,0,396,nan,nan
FLOOR_US,ReMIND-031-post,lesion,1,32424,27764,0.05000996876453778,0.11976487876561352
FLOOR_US,ReMIND-031-post,tumor,0,0,22181,nan,nan
FLOOR_US,ReMIND-031-post,cavity,1,32424,5583,0.0663035756571158,0.16250751653638004
FLOOR_US,ReMIND-031-pre,lesion,1,8344,5217,0.1325860924710567,0.20757208892802112
FLOOR_US,ReMIND-031-pre,tumor,1,8344,5095,0.1309621251581219,0.1773177317731773
FLOOR_US,ReMIND-031-pre,cavity,0,0,122,nan,nan
FLOOR_US,ReMIND-032-post,lesion,1,19578,8268,0.22868634633340515,0.1667857142857143
FLOOR_US,ReMIND-032-post,tumor,1,13367,3570,0.011099958670366653,0.06253391209983722
FLOOR_US,ReMIND-032-post,cavity,1,6211,4698,0.2322852690439087,0.28789370078740156
FLOOR_US,ReMIND-032-pre,lesion,1,32911,18013,0.6477888618333203,0.3667342407568298
FLOOR_US,ReMIND-032-pre,tumor,1,32911,17459,0.6419297200714711,0.36278625954198473
FLOOR_US,ReMIND-032-pre,cavity,0,0,554,nan,nan
FLOOR_US,ReMIND-034-post,lesion,1,13416,11357,0.09502280708836233,0.1341000711406213
FLOOR_US,ReMIND-034-post,tumor,1,516,9866,0.01425544211134656,0.08218491606113756
FLOOR_US,ReMIND-034-post,cavity,1,12900,1491,0.08963935793204086,0.18015943312666077
FLOOR_US,ReMIND-034-pre,lesion,1,227364,94248,0.42551894829794906,0.3212810192712637
FLOOR_US,ReMIND-034-pre,tumor,1,206728,94248,0.4546940619850088,0.3294768852290976
FLOOR_US,ReMIND-034-pre,cavity,1,20636,0,0.0,nan
FLOOR_US,ReMIND-045-post,lesion,1,8416,1178,0.00020846362309776944,0.004954760878931495
FLOOR_US,ReMIND-045-post,tumor,1,3767,88,0.0,0.0
FLOOR_US,ReMIND-045-post,cavity,1,4649,1090,0.0,0.0009609224855861628
FLOOR_US,ReMIND-045-pre,lesion,1,123470,82297,0.5052316455019512,0.3565201598256448
FLOOR_US,ReMIND-045-pre,tumor,1,123470,82297,0.5052316455019512,0.3565201598256448
FLOOR_US,ReMIND-045-pre,cavity,0,0,0,nan,nan
FLOOR_US,ReMIND-056-post,lesion,1,17551,134,0.0,0.006683567642313897
FLOOR_US,ReMIND-056-post,tumor,0,0,83,nan,nan
FLOOR_US,ReMIND-056-post,cavity,1,17551,51,0.0,0.00680431722196152
FLOOR_US,ReMIND-056-pre,lesion,1,55846,13815,0.39031882976127247,0.20893207054212934
FLOOR_US,ReMIND-056-pre,tumor,1,55846,13815,0.39031882976127247,0.20893207054212934
FLOOR_US,ReMIND-056-pre,cavity,0,0,0,nan,nan
FLOOR_US,ReMIND-077-post,lesion,1,4861,3853,0.2145971999081937,0.3029197080291971
FLOOR_US,ReMIND-077-post,tumor,1,2094,1495,0.0016717748676511562,0.017793594306049824
FLOOR_US,ReMIND-077-post,cavity,1,2767,2358,0.1806829268292683,0.28468468468468466
FLOOR_US,ReMIND-077-pre,lesion,1,12106,3181,0.21979459671616405,0.339
FLOOR_US,ReMIND-077-pre,tumor,1,6841,1632,0.23155906998701759,0.3449136675681298
FLOOR_US,ReMIND-077-pre,cavity,1,5265,1549,0.014969181097739948,0.08574879227053141
FLOOR_US,ReMIND-079-post,lesion,1,7260,216,0.0,0.0006414368184733803
FLOOR_US,ReMIND-079-post,tumor,1,7260,0,0.0,nan
FLOOR_US,ReMIND-079-post,cavity,0,0,216,nan,nan
FLOOR_US,ReMIND-079-pre,lesion,1,21137,9649,0.3691937893847853,0.2768747898217689
FLOOR_US,ReMIND-079-pre,tumor,1,14068,8568,0.4286976497614419,0.3644534647723978
FLOOR_US,ReMIND-079-pre,cavity,1,7069,1081,0.033128834355828224,0.102803738317757
FLOOR_US,ReMIND-087-post,lesion,1,8781,6475,0.26324069218668067,0.2648305084745763
FLOOR_US,ReMIND-087-post,tumor,0,0,4230,nan,nan
FLOOR_US,ReMIND-087-post,cavity,1,8781,2245,0.13912570288409215,0.17005847953216374
FLOOR_US,ReMIND-087-pre,lesion,1,23186,0,0.0,nan
FLOOR_US,ReMIND-087-pre,tumor,1,11505,0,0.0,nan
FLOOR_US,ReMIND-087-pre,cavity,1,11681,0,0.0,nan
FLOOR_US,ReMIND-091-post,lesion,1,7894,1688,0.2398246712586099,0.3462864305860232
FLOOR_US,ReMIND-091-post,tumor,0,0,580,nan,nan
FLOOR_US,ReMIND-091-post,cavity,1,7894,1108,0.1572983781381915,0.26312154696132595
FLOOR_US,ReMIND-091-pre,lesion,1,25347,14032,0.611798166535463,0.4772828178185585
FLOOR_US,ReMIND-091-pre,tumor,1,25347,13712,0.600424998079828,0.46268225783167316
FLOOR_US,ReMIND-091-pre,cavity,0,0,320,nan,nan
FLOOR_US,ReMIND-096-post,lesion,1,2166,140,0.0,0.0
FLOOR_US,ReMIND-096-post,tumor,0,0,7,nan,nan
FLOOR_US,ReMIND-096-post,cavity,1,2166,133,0.0,0.0
FLOOR_US,ReMIND-096-pre,lesion,1,18774,19481,0.7103385178408052,0.4684180304335343
FLOOR_US,ReMIND-096-pre,tumor,1,18774,19152,0.716500553709856,0.4763361001893112
FLOOR_US,ReMIND-096-pre,cavity,0,0,329,nan,nan
FLOOR_US,ReMIND-102-pre,lesion,1,7693,8723,0.46503411306042886,0.5033771106941839
FLOOR_US,ReMIND-102-pre,tumor,1,7693,1849,0.08174386920980926,0.1645193260654113
FLOOR_US,ReMIND-102-pre,cavity,0,0,6874,nan,nan
FLOOR_US,ReMIND-107-post,lesion,1,4500,116,0.0008665511265164644,0.014817950889077053
FLOOR_US,ReMIND-107-post,tumor,1,3621,0,0.0,nan
FLOOR_US,ReMIND-107-post,cavity,1,879,116,0.0,0.0
FLOOR_US,ReMIND-107-pre,lesion,1,57631,9861,0.2689800272624904,0.22590487725345879
FLOOR_US,ReMIND-107-pre,tumor,1,57631,8985,0.24741803770865858,0.22797038429897756
FLOOR_US,ReMIND-107-pre,cavity,0,0,876,nan,nan
FLOOR_US,ReMIND-109-post,lesion,1,3408,1611,0.0,0.0
FLOOR_US,ReMIND-109-post,tumor,0,0,225,nan,nan
FLOOR_US,ReMIND-109-post,cavity,1,3408,1386,0.0,0.0
FLOOR_US,ReMIND-109-pre,lesion,1,10361,8722,0.6422470261489284,0.5209017290435544
FLOOR_US,ReMIND-109-pre,tumor,1,10361,4030,0.32895559724828016,0.35322310088665226
FLOOR_US,ReMIND-109-pre,cavity,0,0,4692,nan,nan
FLOOR_US_HISTM,ReMIND-003-post,lesion,1,2099,4493,0.0024271844660194173,0.01442109600329625
FLOOR_US_HISTM,ReMIND-003-post,tumor,0,0,4284,nan,nan
FLOOR_US_HISTM,ReMIND-003-post,cavity,1,2099,209,0.006932409012131715,0.02831715210355987
FLOOR_US_HISTM,ReMIND-003-pre,lesion,1,10844,7146,0.6415786548082268,0.549034175334324
FLOOR_US_HISTM,ReMIND-003-pre,tumor,1,10844,6974,0.6432820743068807,0.5625771414465565
FLOOR_US_HISTM,ReMIND-003-pre,cavity,0,0,172,nan,nan
FLOOR_US_HISTM,ReMIND-004-pre,lesion,1,2043,2532,0.008306010928961749,0.03225806451612903
FLOOR_US_HISTM,ReMIND-004-pre,tumor,1,2043,2532,0.008306010928961749,0.03225806451612903
FLOOR_US_HISTM,ReMIND-004-pre,cavity,0,0,0,nan,nan
FLOOR_US_HISTM,ReMIND-023-pre,lesion,1,3895,2213,0.43418467583497056,0.3311304347826087
FLOOR_US_HISTM,ReMIND-023-pre,tumor,1,3895,2115,0.426955074875208,0.31243358129649307
FLOOR_US_HISTM,ReMIND-023-pre,cavity,0,0,98,nan,nan
FLOOR_US_HISTM,ReMIND-031-post,lesion,1,32424,16927,0.04636177585054001,0.08259506610331198
FLOOR_US_HISTM,ReMIND-031-post,tumor,0,0,14794,nan,nan
FLOOR_US_HISTM,ReMIND-031-post,cavity,1,32424,2133,0.05660213560204879,0.1011451976928864
FLOOR_US_HISTM,ReMIND-031-pre,lesion,1,8344,10658,0.19376907693926956,0.17458659704090512
FLOOR_US_HISTM,ReMIND-031-pre,tumor,1,8344,10464,0.19576775840068056,0.1766778227937291
FLOOR_US_HISTM,ReMIND-031-pre,cavity,0,0,194,nan,nan
FLOOR_US_HISTM,ReMIND-032-post,lesion,1,19578,6474,0.2207891908490711,0.18204708548407403
FLOOR_US_HISTM,ReMIND-032-post,tumor,1,13367,5768,0.12646981970211654,0.2855886417891695
FLOOR_US_HISTM,ReMIND-032-post,cavity,1,6211,706,0.0529131126210785,0.1451783821971035
FLOOR_US_HISTM,ReMIND-032-pre,lesion,1,32911,17025,0.6487504005126562,0.4362941560257247
FLOOR_US_HISTM,ReMIND-032-pre,tumor,1,32911,16892,0.6453426500411622,0.42885899899350355
FLOOR_US_HISTM,ReMIND-032-pre,cavity,0,0,133,nan,nan
FLOOR_US_HISTM,ReMIND-034-post,lesion,1,13416,16442,0.023377319311407328,0.05630081300813008
FLOOR_US_HISTM,ReMIND-034-post,tumor,1,516,16118,0.002044006252254419,0.018194791295041028
FLOOR_US_HISTM,ReMIND-034-post,cavity,1,12900,324,0.031004234724742893,0.08556882710005874
FLOOR_US_HISTM,ReMIND-034-pre,lesion,1,227364,24095,0.13984784795930946,0.16506206333581427
FLOOR_US_HISTM,ReMIND-034-pre,tumor,1,206728,22118,0.153666657927165,0.17236336286144074
FLOOR_US_HISTM,ReMIND-034-pre,cavity,1,20636,1977,0.0,0.0
FLOOR_US_HISTM,ReMIND-045-post,lesion,1,8416,2172,0.0,0.0
FLOOR_US_HISTM,ReMIND-045-post,tumor,1,3767,1568,0.0,0.0
FLOOR_US_HISTM,ReMIND-045-post,cavity,1,4649,604,0.0,0.0
FLOOR_US_HISTM,ReMIND-045-pre,lesion,1,123470,68947,0.5634637272174496,0.48892482603155935
FLOOR_US_HISTM,ReMIND-045-pre,tumor,1,123470,68947,0.5634637272174496,0.48892482603155935
FLOOR_US_HISTM,ReMIND-045-pre,cavity,0,0,0,nan,nan
FLOOR_US_HISTM,ReMIND-056-post,lesion,1,17551,741,0.0,0.0
FLOOR_US_HISTM,ReMIND-056-post,tumor,0,0,741,nan,nan
FLOOR_US_HISTM,ReMIND-056-post,cavity,1,17551,0,0.0,nan
FLOOR_US_HISTM,ReMIND-056-pre,lesion,1,55846,11242,0.33135583114715,0.1703361344537815
FLOOR_US_HISTM,ReMIND-056-pre,tumor,1,55846,11242,0.33135583114715,0.1703361344537815
FLOOR_US_HISTM,ReMIND-056-pre,cavity,0,0,0,nan,nan
FLOOR_US_HISTM,ReMIND-077-post,lesion,1,4861,2817,0.121385777546236,0.20591207680646792
FLOOR_US_HISTM,ReMIND-077-post,tumor,1,2094,2369,0.10262155500784226,0.15
FLOOR_US_HISTM,ReMIND-077-post,cavity,1,2767,448,0.12877138413685849,0.24608150470219436
FLOOR_US_HISTM,ReMIND-077-pre,lesion,1,12106,7634,0.38551165146909827,0.40219812862022875
FLOOR_US_HISTM,ReMIND-077-pre,tumor,1,6841,7630,0.4370119549443715,0.43677573278800275
FLOOR_US_HISTM,ReMIND-077-pre,cavity,1,5265,4,0.0,0.0
FLOOR_US_HISTM,ReMIND-079-post,lesion,1,7260,0,0.0,nan
FLOOR_US_HISTM,ReMIND-079-post,tumor,1,7260,0,0.0,nan
FLOOR_US_HISTM,ReMIND-079-post,cavity,0,0,0,nan,nan
FLOOR_US_HISTM,ReMIND-079-pre,lesion,1,21137,12794,0.2622380713801538,0.2517059855722363
FLOOR_US_HISTM,ReMIND-079-pre,tumor,1,14068,12767,0.27590832867523757,0.2432465172622653
FLOOR_US_HISTM,ReMIND-079-pre,cavity,1,7069,27,0.0,0.0
FLOOR_US_HISTM,ReMIND-087-post,lesion,1,8781,4266,0.1657085920134897,0.15015548645046645
FLOOR_US_HISTM,ReMIND-087-post,tumor,0,0,4159,nan,nan
FLOOR_US_HISTM,ReMIND-087-post,cavity,1,8781,107,0.012826282628262827,0.02060931899641577
FLOOR_US_HISTM,ReMIND-087-pre,lesion,1,23186,159,0.0,0.0
FLOOR_US_HISTM,ReMIND-087-pre,tumor,1,11505,159,0.0,0.0
FLOOR_US_HISTM,ReMIND-087-pre,cavity,1,11681,0,0.0,nan
FLOOR_US_HISTM,ReMIND-091-post,lesion,1,7894,2288,0.2753879395010803,0.3713680387409201
FLOOR_US_HISTM,ReMIND-091-post,tumor,0,0,2084,nan,nan
FLOOR_US_HISTM,ReMIND-091-post,cavity,1,7894,204,0.02840207458631761,0.14974619289340102
FLOOR_US_HISTM,ReMIND-091-pre,lesion,1,25347,14807,0.6570702794242168,0.5553650521503072
FLOOR_US_HISTM,ReMIND-091-pre,tumor,1,25347,14807,0.6570702794242168,0.5553650521503072
FLOOR_US_HISTM,ReMIND-091-pre,cavity,0,0,0,nan,nan
FLOOR_US_HISTM,ReMIND-096-post,lesion,1,2166,2246,0.0,0.0
FLOOR_US_HISTM,ReMIND-096-post,tumor,0,0,2025,nan,nan
FLOOR_US_HISTM,ReMIND-096-post,cavity,1,2166,221,0.0,0.0
FLOOR_US_HISTM,ReMIND-096-pre,lesion,1,18774,15971,0.6961577205353289,0.48938445089353905
FLOOR_US_HISTM,ReMIND-096-pre,tumor,1,18774,15757,0.7001824447597811,0.5061425061425061
FLOOR_US_HISTM,ReMIND-096-pre,cavity,0,0,214,nan,nan
FLOOR_US_HISTM,ReMIND-102-pre,lesion,1,7693,13456,0.6221570759846802,0.5253012048192771
FLOOR_US_HISTM,ReMIND-102-pre,tumor,1,7693,13016,0.6269737795161524,0.554655107425556
FLOOR_US_HISTM,ReMIND-102-pre,cavity,0,0,440,nan,nan
FLOOR_US_HISTM,ReMIND-107-post,lesion,1,4500,15,0.0022148394241417496,0.0008787346221441124
FLOOR_US_HISTM,ReMIND-107-post,tumor,1,3621,0,0.0,nan
FLOOR_US_HISTM,ReMIND-107-post,cavity,1,879,15,0.0,0.0
FLOOR_US_HISTM,ReMIND-107-pre,lesion,1,57631,3905,0.109269370774831,0.10226043973018897
FLOOR_US_HISTM,ReMIND-107-pre,tumor,1,57631,3313,0.09244552375951694,0.10384313725490196
FLOOR_US_HISTM,ReMIND-107-pre,cavity,0,0,592,nan,nan
FLOOR_US_HISTM,ReMIND-109-post,lesion,1,3408,2010,0.0,0.0
FLOOR_US_HISTM,ReMIND-109-post,tumor,0,0,1862,nan,nan
FLOOR_US_HISTM,ReMIND-109-post,cavity,1,3408,148,0.0,0.0
FLOOR_US_HISTM,ReMIND-109-pre,lesion,1,10361,8435,0.6466269419025324,0.5262249082667818
FLOOR_US_HISTM,ReMIND-109-pre,tumor,1,10361,6951,0.5697781885397413,0.4198524480214621
FLOOR_US_HISTM,ReMIND-109-pre,cavity,0,0,1484,nan,nan
