class,phase,best_set,set,n_paired,dice_mean_set,dice_mean_best,wilcoxon_stat,p_value
cavity,all,REAL_FLAIR,GAN-cut-2.5D-FLAIR,9,0.0,0.4102154679508068,0.0,0.011718685599768628
cavity,all,REAL_FLAIR,GAN-cut-2D+3D-post-FLAIR,9,0.0,0.4102154679508068,0.0,0.011718685599768628
cavity,all,REAL_FLAIR,GAN-cut-2D-FLAIR,9,0.0,0.4102154679508068,0.0,0.011718685599768628
cavity,all,REAL_FLAIR,GAN-cut-3D-FLAIR,9,0.005424321959755031,0.4102154679508068,0.0,0.011718685599768628
cavity,all,REAL_FLAIR,GAN-cyclegan-2.5D-FLAIR,9,0.0,0.4102154679508068,0.0,0.011718685599768628
cavity,all,REAL_FLAIR,GAN-cyclegan-2D+3D-post-FLAIR,9,0.0,0.4102154679508068,0.0,0.011718685599768628
cavity,all,REAL_FLAIR,GAN-cyclegan-2D-FLAIR,9,0.0,0.4102154679508068,0.0,0.011718685599768628
cavity,all,REAL_FLAIR,GAN-cyclegan-3D-FLAIR,9,0.0,0.4102154679508068,0.0,0.011718685599768628
cavity,all,REAL_FLAIR,GAN-pix2pix-2.5D-FLAIR,9,0.0004237206525298049,0.4102154679508068,1.0,0.017290280592906253
cavity,all,REAL_FLAIR,GAN-pix2pix-2D+3D-post-FLAIR,9,0.0,0.4102154679508068,0.0,0.011718685599768628
cavity,all,REAL_FLAIR,GAN-pix2pix-2D-FLAIR,9,0.0,0.4102154679508068,0.0,0.011718685599768628
cavity,all,REAL_FLAIR,GAN-pix2pix-3D-FLAIR,9,0.0,0.4102154679508068,0.0,0.011718685599768628
cavity,all,REAL_FLAIR,GAN-swinpix2pix-2.5D-FLAIR,9,0.0,0.4102154679508068,0.0,0.011718685599768628
cavity,all,REAL_FLAIR,GAN-swinpix2pix-2D+3D-post-FLAIR,9,0.0010911074740861974,0.4102154679508068,1.0,0.017290280592906253
cavity,all,REAL_FLAIR,GAN-swinpix2pix-2D-FLAIR,9,0.0,0.4102154679508068,0.0,0.011718685599768628
cavity,all,REAL_FLAIR,GAN-swinpix2pix-3D-FLAIR,9,0.0,0.4102154679508068,0.0,0.011718685599768628
cavity,all,REAL_FLAIR,ResViT-2.5D-FLAIR,9,0.1705504862743838,0.4102154679508068,9.0,0.20757844233562428
cavity,all,REAL_FLAIR,ResViT-2D+3D-refine-FLAIR,9,0.18705716163502595,0.4102154679508068,14.0,0.359375
cavity,all,REAL_FLAIR,ResViT-2D-FLAIR,9,0.12365311988809186,0.4102154679508068,6.0,0.09289194088370534
cavity,all,REAL_FLAIR,ResViT-3D-FLAIR,9,0.10211505068534851,0.4102154679508068,7.0,0.12348527214454895
cavity,all,REAL_FLAIR,SynDiff-2.5D-FLAIR,9,0.12645351120782147,0.4102154679508068,9.0,0.12890625
cavity,all,REAL_FLAIR,SynDiff-2D-FLAIR,9,0.1498267124175131,0.4102154679508068,10.0,0.1640625
cavity,all,REAL_FLAIR,SynDiff-3D+3D-refine-FLAIR,9,0.14350855459422399,0.4102154679508068,9.0,0.12890625
cavity,all,REAL_FLAIR,SynDiff-3D-FLAIR,9,0.17910639976189924,0.4102154679508068,11.0,0.203125
cavity,preop,REAL_FLAIR,GAN-cut-2.5D-FLAIR,3,0.0,0.2952443852322392,0.0,0.25
cavity,preop,REAL_FLAIR,GAN-cut-2D+3D-post-FLAIR,3,0.0,0.2952443852322392,0.0,0.25
cavity,preop,REAL_FLAIR,GAN-cut-2D-FLAIR,3,0.0,0.2952443852322392,0.0,0.25
cavity,preop,REAL_FLAIR,GAN-cut-3D-FLAIR,3,0.0,0.2952443852322392,0.0,0.25
cavity,preop,REAL_FLAIR,GAN-cyclegan-2.5D-FLAIR,3,0.0,0.2952443852322392,0.0,0.25
cavity,preop,REAL_FLAIR,GAN-cyclegan-2D+3D-post-FLAIR,3,0.0,0.2952443852322392,0.0,0.25
cavity,preop,REAL_FLAIR,GAN-cyclegan-2D-FLAIR,3,0.0,0.2952443852322392,0.0,0.25
cavity,preop,REAL_FLAIR,GAN-cyclegan-3D-FLAIR,3,0.0,0.2952443852322392,0.0,0.25
cavity,preop,REAL_FLAIR,GAN-pix2pix-2.5D-FLAIR,3,0.0012711619575894147,0.2952443852322392,1.0,0.5
cavity,preop,REAL_FLAIR,GAN-pix2pix-2D+3D-post-FLAIR,3,0.0,0.2952443852322392,0.0,0.25
cavity,preop,REAL_FLAIR,GAN-pix2pix-2D-FLAIR,3,0.0,0.2952443852322392,0.0,0.25
cavity,preop,REAL_FLAIR,GAN-pix2pix-3D-FLAIR,3,0.0,0.2952443852322392,0.0,0.25
cavity,preop,REAL_FLAIR,GAN-swinpix2pix-2.5D-FLAIR,3,0.0,0.2952443852322392,0.0,0.25
cavity,preop,REAL_FLAIR,GAN-swinpix2pix-2D+3D-post-FLAIR,3,0.0032733224222585926,0.2952443852322392,1.0,0.5
cavity,preop,REAL_FLAIR,GAN-swinpix2pix-2D-FLAIR,3,0.0,0.2952443852322392,0.0,0.25
cavity,preop,REAL_FLAIR,GAN-swinpix2pix-3D-FLAIR,3,0.0,0.2952443852322392,0.0,0.25
cavity,preop,REAL_FLAIR,ResViT-2.5D-FLAIR,3,0.10462299692124317,0.2952443852322392,3.0,1.0
cavity,preop,REAL_FLAIR,ResViT-2D+3D-refine-FLAIR,3,0.07962120970805685,0.2952443852322392,3.0,1.0
cavity,preop,REAL_FLAIR,ResViT-2D-FLAIR,3,0.06479230343783658,0.2952443852322392,2.0,0.75
cavity,preop,REAL_FLAIR,ResViT-3D-FLAIR,3,0.05218074153915223,0.2952443852322392,3.0,1.0
cavity,preop,REAL_FLAIR,SynDiff-2.5D-FLAIR,3,0.0026816383208393174,0.2952443852322392,0.0,0.25
cavity,preop,REAL_FLAIR,SynDiff-2D-FLAIR,3,0.04425102155399713,0.2952443852322392,1.0,0.5
cavity,preop,REAL_FLAIR,SynDiff-3D+3D-refine-FLAIR,3,0.06229662467302419,0.2952443852322392,1.0,0.5
cavity,preop,REAL_FLAIR,SynDiff-3D-FLAIR,3,0.11165280517897153,0.2952443852322392,2.0,0.75
cavity,postop,REAL_FLAIR,GAN-cut-2.5D-FLAIR,6,0.0,0.46770100931009057,0.0,0.043114446783075355
cavity,postop,REAL_FLAIR,GAN-cut-2D+3D-post-FLAIR,6,0.0,0.46770100931009057,0.0,0.043114446783075355
cavity,postop,REAL_FLAIR,GAN-cut-2D-FLAIR,6,0.0,0.46770100931009057,0.0,0.043114446783075355
cavity,postop,REAL_FLAIR,GAN-cut-3D-FLAIR,6,0.008136482939632546,0.46770100931009057,0.0,0.043114446783075355
cavity,postop,REAL_FLAIR,GAN-cyclegan-2.5D-FLAIR,6,0.0,0.46770100931009057,0.0,0.043114446783075355
cavity,postop,REAL_FLAIR,GAN-cyclegan-2D+3D-post-FLAIR,6,0.0,0.46770100931009057,0.0,0.043114446783075355
cavity,postop,REAL_FLAIR,GAN-cyclegan-2D-FLAIR,6,0.0,0.46770100931009057,0.0,0.043114446783075355
cavity,postop,REAL_FLAIR,GAN-cyclegan-3D-FLAIR,6,0.0,0.46770100931009057,0.0,0.043114446783075355
cavity,postop,REAL_FLAIR,GAN-pix2pix-2.5D-FLAIR,6,0.0,0.46770100931009057,0.0,0.043114446783075355
cavity,postop,REAL_FLAIR,GAN-pix2pix-2D+3D-post-FLAIR,6,0.0,0.46770100931009057,0.0,0.043114446783075355
cavity,postop,REAL_FLAIR,GAN-pix2pix-2D-FLAIR,6,0.0,0.46770100931009057,0.0,0.043114446783075355
cavity,postop,REAL_FLAIR,GAN-pix2pix-3D-FLAIR,6,0.0,0.46770100931009057,0.0,0.043114446783075355
cavity,postop,REAL_FLAIR,GAN-swinpix2pix-2.5D-FLAIR,6,0.0,0.46770100931009057,0.0,0.043114446783075355
cavity,postop,REAL_FLAIR,GAN-swinpix2pix-2D+3D-post-FLAIR,6,0.0,0.46770100931009057,0.0,0.043114446783075355
cavity,postop,REAL_FLAIR,GAN-swinpix2pix-2D-FLAIR,6,0.0,0.46770100931009057,0.0,0.043114446783075355
cavity,postop,REAL_FLAIR,GAN-swinpix2pix-3D-FLAIR,6,0.0,0.46770100931009057,0.0,0.043114446783075355
cavity,postop,REAL_FLAIR,ResViT-2.5D-FLAIR,6,0.2035142309509541,0.46770100931009057,3.0,0.22491588401596185
cavity,postop,REAL_FLAIR,ResViT-2D+3D-refine-FLAIR,6,0.24077513759851052,0.46770100931009057,6.0,0.4375
cavity,postop,REAL_FLAIR,ResViT-2D-FLAIR,6,0.15308352811321949,0.46770100931009057,2.0,0.13801073756865953
cavity,postop,REAL_FLAIR,ResViT-3D-FLAIR,6,0.12708220525844666,0.46770100931009057,2.0,0.13801073756865953
cavity,postop,REAL_FLAIR,SynDiff-2.5D-FLAIR,6,0.18833944765131258,0.46770100931009057,5.0,0.3125
cavity,postop,REAL_FLAIR,SynDiff-2D-FLAIR,6,0.20261455784927107,0.46770100931009057,5.0,0.3125
cavity,postop,REAL_FLAIR,SynDiff-3D+3D-refine-FLAIR,6,0.1841145195548239,0.46770100931009057,5.0,0.3125
cavity,postop,REAL_FLAIR,SynDiff-3D-FLAIR,6,0.2128331970533631,0.46770100931009057,5.0,0.3125
lesion,all,REAL_FLAIR,GAN-cut-2.5D-FLAIR,19,0.27474162224695664,0.510616550963707,20.0,0.00141143798828125
lesion,all,REAL_FLAIR,GAN-cut-2D+3D-post-FLAIR,19,0.263065995119778,0.510616550963707,23.0,0.002399444580078125
lesion,all,REAL_FLAIR,GAN-cut-2D-FLAIR,19,0.18620142735917913,0.510616550963707,13.0,0.000335693359375
lesion,all,REAL_FLAIR,GAN-cut-3D-FLAIR,19,0.32254798177424276,0.510616550963707,35.0,0.014068603515625
lesion,all,REAL_FLAIR,GAN-cyclegan-2.5D-FLAIR,19,0.26062566521812824,0.510616550963707,23.0,0.002399444580078125
lesion,all,REAL_FLAIR,GAN-cyclegan-2D+3D-post-FLAIR,19,0.3183669056842059,0.510616550963707,35.0,0.014068603515625
lesion,all,REAL_FLAIR,GAN-cyclegan-2D-FLAIR,19,0.3302163003121927,0.510616550963707,32.0,0.00945281982421875
lesion,all,REAL_FLAIR,GAN-cyclegan-3D-FLAIR,19,0.29941757857110557,0.510616550963707,19.0,0.001171112060546875
lesion,all,REAL_FLAIR,GAN-pix2pix-2.5D-FLAIR,19,0.33802761887008503,0.510616550963707,18.0,0.000965118408203125
lesion,all,REAL_FLAIR,GAN-pix2pix-2D+3D-post-FLAIR,19,0.3280633147337457,0.510616550963707,31.0,0.00823211669921875
lesion,all,REAL_FLAIR,GAN-pix2pix-2D-FLAIR,19,0.3266886189403955,0.510616550963707,35.0,0.014068603515625
lesion,all,REAL_FLAIR,GAN-pix2pix-3D-FLAIR,19,0.22728992071635826,0.510616550963707,11.0,0.000209808349609375
lesion,all,REAL_FLAIR,GAN-swinpix2pix-2.5D-FLAIR,19,0.279939142034103,0.510616550963707,20.0,0.00141143798828125
lesion,all,REAL_FLAIR,GAN-swinpix2pix-2D+3D-post-FLAIR,19,0.3505378788986273,0.510616550963707,39.0,0.02298736572265625
lesion,all,REAL_FLAIR,GAN-swinpix2pix-2D-FLAIR,19,0.34167860774264625,0.510616550963707,41.0,0.0289306640625
lesion,all,REAL_FLAIR,GAN-swinpix2pix-3D-FLAIR,19,0.1966028395249543,0.510616550963707,12.0,0.00026702880859375
lesion,all,REAL_FLAIR,ResViT-2.5D-FLAIR,19,0.3725674632968583,0.510616550963707,39.0,0.04285796577660062
lesion,all,REAL_FLAIR,ResViT-2D+3D-refine-FLAIR,19,0.34068043075354665,0.510616550963707,28.0,0.005329132080078125
lesion,all,REAL_FLAIR,ResViT-2D-FLAIR,19,0.3277287243579571,0.510616550963707,29.0,0.0061798095703125
lesion,all,REAL_FLAIR,ResViT-3D-FLAIR,19,0.3656757895914608,0.510616550963707,36.0,0.031103769479907197
lesion,all,REAL_FLAIR,SynDiff-2.5D-FLAIR,19,0.27572249265895155,0.510616550963707,26.0,0.003917694091796875
lesion,all,REAL_FLAIR,SynDiff-2D-FLAIR,19,0.35632672371322516,0.510616550963707,38.0,0.020412445068359375
lesion,all,REAL_FLAIR,SynDiff-3D+3D-refine-FLAIR,19,0.33873987511213655,0.510616550963707,30.0,0.007144927978515625
lesion,all,REAL_FLAIR,SynDiff-3D-FLAIR,19,0.2729171337822559,0.510616550963707,24.0,0.002838134765625
lesion,preop,REAL_FLAIR,GAN-cut-2.5D-FLAIR,12,0.3379972129867674,0.5754314212855025,9.0,0.01611328125
lesion,preop,REAL_FLAIR,GAN-cut-2D+3D-post-FLAIR,12,0.36730279058749943,0.5754314212855025,11.0,0.02685546875
lesion,preop,REAL_FLAIR,GAN-cut-2D-FLAIR,12,0.28469582757005046,0.5754314212855025,6.0,0.0068359375
lesion,preop,REAL_FLAIR,GAN-cut-3D-FLAIR,12,0.3997584982756477,0.5754314212855025,9.0,0.01611328125
lesion,preop,REAL_FLAIR,GAN-cyclegan-2.5D-FLAIR,12,0.34638557866295483,0.5754314212855025,13.0,0.04248046875
lesion,preop,REAL_FLAIR,GAN-cyclegan-2D+3D-post-FLAIR,12,0.45673132043686554,0.5754314212855025,21.0,0.17626953125
lesion,preop,REAL_FLAIR,GAN-cyclegan-2D-FLAIR,12,0.45056861897165695,0.5754314212855025,18.0,0.10986328125
lesion,preop,REAL_FLAIR,GAN-cyclegan-3D-FLAIR,12,0.3812307160029926,0.5754314212855025,6.0,0.0068359375
lesion,preop,REAL_FLAIR,GAN-pix2pix-2.5D-FLAIR,12,0.4312818241681369,0.5754314212855025,10.0,0.02099609375
lesion,preop,REAL_FLAIR,GAN-pix2pix-2D+3D-post-FLAIR,12,0.4144335532414419,0.5754314212855025,15.0,0.06396484375
lesion,preop,REAL_FLAIR,GAN-pix2pix-2D-FLAIR,12,0.39640311899770736,0.5754314212855025,15.0,0.06396484375
lesion,preop,REAL_FLAIR,GAN-pix2pix-3D-FLAIR,12,0.2835094745138151,0.5754314212855025,4.0,0.00341796875
lesion,preop,REAL_FLAIR,GAN-swinpix2pix-2.5D-FLAIR,12,0.363765522281343,0.5754314212855025,8.0,0.01220703125
lesion,preop,REAL_FLAIR,GAN-swinpix2pix-2D+3D-post-FLAIR,12,0.42859408026337514,0.5754314212855025,13.0,0.04248046875
lesion,preop,REAL_FLAIR,GAN-swinpix2pix-2D-FLAIR,12,0.41954707600642677,0.5754314212855025,15.0,0.06396484375
lesion,preop,REAL_FLAIR,GAN-swinpix2pix-3D-FLAIR,12,0.2670030958210999,0.5754314212855025,5.0,0.0048828125
lesion,preop,REAL_FLAIR,ResViT-2.5D-FLAIR,12,0.48313134222644166,0.5754314212855025,20.0,0.1513671875
lesion,preop,REAL_FLAIR,ResViT-2D+3D-refine-FLAIR,12,0.4194853456320761,0.5754314212855025,5.0,0.0048828125
lesion,preop,REAL_FLAIR,ResViT-2D-FLAIR,12,0.45130199150678346,0.5754314212855025,12.0,0.0341796875
lesion,preop,REAL_FLAIR,ResViT-3D-FLAIR,12,0.4439752557131585,0.5754314212855025,15.0,0.06396484375
lesion,preop,REAL_FLAIR,SynDiff-2.5D-FLAIR,12,0.33667443353505094,0.5754314212855025,3.0,0.00244140625
lesion,preop,REAL_FLAIR,SynDiff-2D-FLAIR,12,0.45240607049200166,0.5754314212855025,13.0,0.04248046875
lesion,preop,REAL_FLAIR,SynDiff-3D+3D-refine-FLAIR,12,0.4324355761618966,0.5754314212855025,8.0,0.01220703125
lesion,preop,REAL_FLAIR,SynDiff-3D-FLAIR,12,0.34261754282016227,0.5754314212855025,5.0,0.0048828125
lesion,postop,REAL_FLAIR,GAN-cut-2.5D-FLAIR,7,0.16630346669299537,0.3995053446977716,3.0,0.078125
lesion,postop,REAL_FLAIR,GAN-cut-2D+3D-post-FLAIR,7,0.08437434574654136,0.3995053446977716,3.0,0.078125
lesion,postop,REAL_FLAIR,GAN-cut-2D-FLAIR,7,0.017353884140542557,0.3995053446977716,2.0,0.046875
lesion,postop,REAL_FLAIR,GAN-cut-3D-FLAIR,7,0.19018709634326272,0.3995053446977716,6.0,0.21875
lesion,postop,REAL_FLAIR,GAN-cyclegan-2.5D-FLAIR,7,0.11360867074128278,0.3995053446977716,3.0,0.078125
lesion,postop,REAL_FLAIR,GAN-cyclegan-2D+3D-post-FLAIR,7,0.08117076610821776,0.3995053446977716,3.0,0.078125
lesion,postop,REAL_FLAIR,GAN-cyclegan-2D-FLAIR,7,0.12389803975311131,0.3995053446977716,3.0,0.078125
lesion,postop,REAL_FLAIR,GAN-cyclegan-3D-FLAIR,7,0.15916648583072787,0.3995053446977716,4.0,0.109375
lesion,postop,REAL_FLAIR,GAN-pix2pix-2.5D-FLAIR,7,0.17816326693056758,0.3995053446977716,2.0,0.046875
lesion,postop,REAL_FLAIR,GAN-pix2pix-2D+3D-post-FLAIR,7,0.18000004872055228,0.3995053446977716,4.0,0.109375
lesion,postop,REAL_FLAIR,GAN-pix2pix-2D-FLAIR,7,0.20717804741357518,0.3995053446977716,5.0,0.15625
lesion,postop,REAL_FLAIR,GAN-pix2pix-3D-FLAIR,7,0.13091354277786085,0.3995053446977716,3.0,0.078125
lesion,postop,REAL_FLAIR,GAN-swinpix2pix-2.5D-FLAIR,7,0.13623677589597719,0.3995053446977716,3.0,0.078125
lesion,postop,REAL_FLAIR,GAN-swinpix2pix-2D+3D-post-FLAIR,7,0.21672724798763102,0.3995053446977716,7.0,0.296875
lesion,postop,REAL_FLAIR,GAN-swinpix2pix-2D-FLAIR,7,0.2081898050047367,0.3995053446977716,7.0,0.296875
lesion,postop,REAL_FLAIR,GAN-swinpix2pix-3D-FLAIR,7,0.07591668587441902,0.3995053446977716,3.0,0.078125
lesion,postop,REAL_FLAIR,ResViT-2.5D-FLAIR,7,0.18302938513185865,0.3995053446977716,4.0,0.17295491798842066
lesion,postop,REAL_FLAIR,ResViT-2D+3D-refine-FLAIR,7,0.2055862909617819,0.3995053446977716,6.0,0.21875
lesion,postop,REAL_FLAIR,ResViT-2D-FLAIR,7,0.11588883781711178,0.3995053446977716,5.0,0.15625
lesion,postop,REAL_FLAIR,ResViT-3D-FLAIR,7,0.23144813338283618,0.3995053446977716,5.0,0.24886387493792206
lesion,postop,REAL_FLAIR,SynDiff-2.5D-FLAIR,7,0.17123345115706678,0.3995053446977716,7.0,0.296875
lesion,postop,REAL_FLAIR,SynDiff-2D-FLAIR,7,0.1916192720924657,0.3995053446977716,7.0,0.296875
lesion,postop,REAL_FLAIR,SynDiff-3D+3D-refine-FLAIR,7,0.1781186733125479,0.3995053446977716,6.0,0.21875
lesion,postop,REAL_FLAIR,SynDiff-3D-FLAIR,7,0.15343071828870233,0.3995053446977716,6.0,0.21875
tumor,all,REAL_FLAIR,GAN-cut-2.5D-FLAIR,15,0.26822115802186225,0.46638046435971336,18.0,0.01507568359375
tumor,all,REAL_FLAIR,GAN-cut-2D+3D-post-FLAIR,15,0.28127512446795083,0.46638046435971336,21.0,0.02557373046875
tumor,all,REAL_FLAIR,GAN-cut-2D-FLAIR,15,0.2122990984168887,0.46638046435971336,14.0,0.0067138671875
tumor,all,REAL_FLAIR,GAN-cut-3D-FLAIR,15,0.31892389313478353,0.46638046435971336,26.0,0.05535888671875
tumor,all,REAL_FLAIR,GAN-cyclegan-2.5D-FLAIR,15,0.2804369529064782,0.46638046435971336,25.0,0.04791259765625
tumor,all,REAL_FLAIR,GAN-cyclegan-2D+3D-post-FLAIR,15,0.3442101339435576,0.46638046435971336,30.0,0.0946044921875
tumor,all,REAL_FLAIR,GAN-cyclegan-2D-FLAIR,15,0.3518342639079586,0.46638046435971336,26.0,0.05535888671875
tumor,all,REAL_FLAIR,GAN-cyclegan-3D-FLAIR,15,0.3203826682408225,0.46638046435971336,30.0,0.0946044921875
tumor,all,REAL_FLAIR,GAN-pix2pix-2.5D-FLAIR,15,0.35179244222260997,0.46638046435971336,27.0,0.063720703125
tumor,all,REAL_FLAIR,GAN-pix2pix-2D+3D-post-FLAIR,15,0.31895277708319625,0.46638046435971336,27.0,0.063720703125
tumor,all,REAL_FLAIR,GAN-pix2pix-2D-FLAIR,15,0.3018058509606253,0.46638046435971336,22.0,0.0301513671875
tumor,all,REAL_FLAIR,GAN-pix2pix-3D-FLAIR,15,0.23957918408680165,0.46638046435971336,15.0,0.00836181640625
tumor,all,REAL_FLAIR,GAN-swinpix2pix-2.5D-FLAIR,15,0.29508562125367505,0.46638046435971336,24.0,0.041259765625
tumor,all,REAL_FLAIR,GAN-swinpix2pix-2D+3D-post-FLAIR,15,0.3696252728073562,0.46638046435971336,33.0,0.1353759765625
tumor,all,REAL_FLAIR,GAN-swinpix2pix-2D-FLAIR,15,0.35850320211521625,0.46638046435971336,36.0,0.1876220703125
tumor,all,REAL_FLAIR,GAN-swinpix2pix-3D-FLAIR,15,0.2196433941198717,0.46638046435971336,14.0,0.0067138671875
tumor,all,REAL_FLAIR,ResViT-2.5D-FLAIR,15,0.3432329713969188,0.46638046435971336,35.0,0.1688232421875
tumor,all,REAL_FLAIR,ResViT-2D+3D-refine-FLAIR,15,0.3602854871799125,0.46638046435971336,33.0,0.1353759765625
tumor,all,REAL_FLAIR,ResViT-2D-FLAIR,15,0.3658433163321699,0.46638046435971336,39.0,0.25238037109375
tumor,all,REAL_FLAIR,ResViT-3D-FLAIR,15,0.4092047487898937,0.46638046435971336,49.0,0.5614013671875
tumor,all,REAL_FLAIR,SynDiff-2.5D-FLAIR,15,0.27947083792706645,0.46638046435971336,23.0,0.03533935546875
tumor,all,REAL_FLAIR,SynDiff-2D-FLAIR,15,0.38089170003320766,0.46638046435971336,46.0,0.45428466796875
tumor,all,REAL_FLAIR,SynDiff-3D+3D-refine-FLAIR,15,0.36040167360958714,0.46638046435971336,38.0,0.22930908203125
tumor,all,REAL_FLAIR,SynDiff-3D-FLAIR,15,0.23901054649072456,0.46638046435971336,12.0,0.0042724609375
tumor,preop,REAL_FLAIR,GAN-cut-2.5D-FLAIR,12,0.3122413642162538,0.5220945683435413,12.0,0.0341796875
tumor,preop,REAL_FLAIR,GAN-cut-2D+3D-post-FLAIR,12,0.34167362889302105,0.5220945683435413,15.0,0.06396484375
tumor,preop,REAL_FLAIR,GAN-cut-2D-FLAIR,12,0.26425119492353993,0.5220945683435413,11.0,0.02685546875
tumor,preop,REAL_FLAIR,GAN-cut-3D-FLAIR,12,0.3789702469054537,0.5220945683435413,19.0,0.12939453125
tumor,preop,REAL_FLAIR,GAN-cyclegan-2.5D-FLAIR,12,0.3247095388668239,0.5220945683435413,17.0,0.09228515625
tumor,preop,REAL_FLAIR,GAN-cyclegan-2D+3D-post-FLAIR,12,0.42037743554612866,0.5220945683435413,24.0,0.26611328125
tumor,preop,REAL_FLAIR,GAN-cyclegan-2D-FLAIR,12,0.4149715747267962,0.5220945683435413,20.0,0.1513671875
tumor,preop,REAL_FLAIR,GAN-cyclegan-3D-FLAIR,12,0.3619082218690346,0.5220945683435413,20.0,0.1513671875
tumor,preop,REAL_FLAIR,GAN-pix2pix-2.5D-FLAIR,12,0.4076953090592191,0.5220945683435413,22.0,0.20361328125
tumor,preop,REAL_FLAIR,GAN-pix2pix-2D+3D-post-FLAIR,12,0.3850223069455813,0.5220945683435413,22.0,0.20361328125
tumor,preop,REAL_FLAIR,GAN-pix2pix-2D-FLAIR,12,0.3649557682086639,0.5220945683435413,16.0,0.0771484375
tumor,preop,REAL_FLAIR,GAN-pix2pix-3D-FLAIR,12,0.26996029161801943,0.5220945683435413,8.0,0.01220703125
tumor,preop,REAL_FLAIR,GAN-swinpix2pix-2.5D-FLAIR,12,0.33293179465723505,0.5220945683435413,16.0,0.0771484375
tumor,preop,REAL_FLAIR,GAN-swinpix2pix-2D+3D-post-FLAIR,12,0.4056815215958085,0.5220945683435413,19.0,0.12939453125
tumor,preop,REAL_FLAIR,GAN-swinpix2pix-2D-FLAIR,12,0.39013867316515566,0.5220945683435413,21.0,0.17626953125
tumor,preop,REAL_FLAIR,GAN-swinpix2pix-3D-FLAIR,12,0.2627969741401232,0.5220945683435413,10.0,0.02099609375
tumor,preop,REAL_FLAIR,ResViT-2.5D-FLAIR,12,0.4090523942345386,0.5220945683435413,25.0,0.30126953125
tumor,preop,REAL_FLAIR,ResViT-2D+3D-refine-FLAIR,12,0.41403190440527254,0.5220945683435413,20.0,0.1513671875
tumor,preop,REAL_FLAIR,ResViT-2D-FLAIR,12,0.4411883758162383,0.5220945683435413,27.0,0.38037109375
tumor,preop,REAL_FLAIR,ResViT-3D-FLAIR,12,0.4414827384276145,0.5220945683435413,29.0,0.4697265625
tumor,preop,REAL_FLAIR,SynDiff-2.5D-FLAIR,12,0.32840503054852016,0.5220945683435413,16.0,0.0771484375
tumor,preop,REAL_FLAIR,SynDiff-2D-FLAIR,12,0.4461051435454551,0.5220945683435413,35.0,0.791015625
tumor,preop,REAL_FLAIR,SynDiff-3D+3D-refine-FLAIR,12,0.4257420679947286,0.5220945683435413,28.0,0.423828125
tumor,preop,REAL_FLAIR,SynDiff-3D-FLAIR,12,0.2903651137219224,0.5220945683435413,7.0,0.00927734375
tumor,postop,ResViT-3D-FLAIR,GAN-cut-2.5D-FLAIR,3,0.09214033324429631,0.28009279023901096,0.0,0.25
tumor,postop,ResViT-3D-FLAIR,GAN-cut-2D+3D-post-FLAIR,3,0.039681106767670074,0.28009279023901096,0.0,0.25
tumor,postop,ResViT-3D-FLAIR,GAN-cut-2D-FLAIR,3,0.0044907123902837316,0.28009279023901096,0.0,0.25
tumor,postop,ResViT-3D-FLAIR,GAN-cut-3D-FLAIR,3,0.07873847805210261,0.28009279023901096,0.0,0.25
tumor,postop,ResViT-3D-FLAIR,GAN-cyclegan-2.5D-FLAIR,3,0.10334660906509535,0.28009279023901096,1.0,0.5
tumor,postop,ResViT-3D-FLAIR,GAN-cyclegan-2D+3D-post-FLAIR,3,0.03954092753327318,0.28009279023901096,0.0,0.25
tumor,postop,ResViT-3D-FLAIR,GAN-cyclegan-2D-FLAIR,3,0.09928502063260854,0.28009279023901096,0.0,0.25
tumor,postop,ResViT-3D-FLAIR,GAN-cyclegan-3D-FLAIR,3,0.15428045372797466,0.28009279023901096,1.0,0.5
tumor,postop,ResViT-3D-FLAIR,GAN-pix2pix-2.5D-FLAIR,3,0.1281809748761735,0.28009279023901096,1.0,0.5
tumor,postop,ResViT-3D-FLAIR,GAN-pix2pix-2D+3D-post-FLAIR,3,0.05467465763365612,0.28009279023901096,0.0,0.25
tumor,postop,ResViT-3D-FLAIR,GAN-pix2pix-2D-FLAIR,3,0.049206181968470854,0.28009279023901096,0.0,0.25
tumor,postop,ResViT-3D-FLAIR,GAN-pix2pix-3D-FLAIR,3,0.11805475396193066,0.28009279023901096,1.0,0.5
tumor,postop,ResViT-3D-FLAIR,GAN-swinpix2pix-2.5D-FLAIR,3,0.14370092763943468,0.28009279023901096,0.0,0.25
tumor,postop,ResViT-3D-FLAIR,GAN-swinpix2pix-2D+3D-post-FLAIR,3,0.22540027765354656,0.28009279023901096,2.0,0.75
tumor,postop,ResViT-3D-FLAIR,GAN-swinpix2pix-2D-FLAIR,3,0.2319613179154587,0.28009279023901096,2.0,0.75
tumor,postop,ResViT-3D-FLAIR,GAN-swinpix2pix-3D-FLAIR,3,0.04702907403886553,0.28009279023901096,0.0,0.25
tumor,postop,ResViT-3D-FLAIR,REAL_FLAIR,3,0.24352404842440198,0.28009279023901096,3.0,1.0
tumor,postop,ResViT-3D-FLAIR,ResViT-2.5D-FLAIR,3,0.07995528004643938,0.28009279023901096,0.0,0.25
tumor,postop,ResViT-3D-FLAIR,ResViT-2D+3D-refine-FLAIR,3,0.1452998182784721,0.28009279023901096,0.0,0.25
tumor,postop,ResViT-3D-FLAIR,ResViT-2D-FLAIR,3,0.0644630783958955,0.28009279023901096,0.0,0.25
tumor,postop,ResViT-3D-FLAIR,SynDiff-2.5D-FLAIR,3,0.0837340674412516,0.28009279023901096,0.0,0.25
tumor,postop,ResViT-3D-FLAIR,SynDiff-2D-FLAIR,3,0.12003792598421754,0.28009279023901096,0.0,0.25
tumor,postop,ResViT-3D-FLAIR,SynDiff-3D+3D-refine-FLAIR,3,0.09904009606902119,0.28009279023901096,0.0,0.25
tumor,postop,ResViT-3D-FLAIR,SynDiff-3D-FLAIR,3,0.03359227756593328,0.28009279023901096,0.0,0.25
