Experiment,Family,Variant,Target,ssim_t2_mean,ssim_t2_sd,ssim_t2_lo,ssim_t2_hi,ssim_t2_n,ssim_t2_str,psnr_t2_mean,psnr_t2_sd,psnr_t2_lo,psnr_t2_hi,psnr_t2_n,psnr_t2_str,mae_t2_mean,mae_t2_sd,mae_t2_lo,mae_t2_hi,mae_t2_n,mae_t2_str,lpips_t2_mean,lpips_t2_sd,lpips_t2_lo,lpips_t2_hi,lpips_t2_n,lpips_t2_str,ssim_flair_mean,ssim_flair_sd,ssim_flair_lo,ssim_flair_hi,ssim_flair_n,ssim_flair_str,psnr_flair_mean,psnr_flair_sd,psnr_flair_lo,psnr_flair_hi,psnr_flair_n,psnr_flair_str,mae_flair_mean,mae_flair_sd,mae_flair_lo,mae_flair_hi,mae_flair_n,mae_flair_str,lpips_flair_mean,lpips_flair_sd,lpips_flair_lo,lpips_flair_hi,lpips_flair_n,lpips_flair_str
pix2pix_25d_t2,Pix2Pix,2.5D,T2 only,0.8011731500799976,0.047390559013272354,0.7834772245200448,0.8188690756399504,30,0.801 (0.783–0.819),15.096755742036155,1.0011828950895987,14.722907904992457,15.470603579079853,30,15.10 (14.72–15.47),0.11638529201348624,0.020747315915380468,0.10863811692942418,0.1241324670975483,30,0.116 (0.109–0.124),0.25588385369936084,0.04264666247370021,0.2399593282194298,0.27180837917929185,30,0.256 (0.240–0.272),,,,,0,—,,,,,0,—,,,,,0,—,,,,,0,—
pix2pix_25d_t2_flair,Pix2Pix,2.5D,T2+FLAIR,0.7917371225412032,0.0367986792524045,0.7745148105138525,0.8089594345685539,20,0.792 (0.775–0.809),15.01003428906571,1.1682562559005076,14.463273530914087,15.556795047217332,20,15.01 (14.46–15.56),0.1181706305593252,0.02437691836196217,0.10676188158180488,0.1295793795368455,20,0.118 (0.107–0.130),0.26772921850857856,0.037832935878470295,0.2500228594802938,0.2854355775368633,20,0.268 (0.250–0.285),0.7710854489482047,0.051154872569064695,0.7471442316273078,0.7950266662691017,20,0.771 (0.747–0.795),15.38085249709602,1.1619581462230058,14.837039345006682,15.924665649185359,20,15.38 (14.84–15.92),0.12885595411062245,0.02246385117337123,0.11834254813781192,0.13936936008343298,20,0.129 (0.118–0.139),0.2690305788722759,0.04820030763380809,0.24647214050578217,0.2915890172387696,20,0.269 (0.246–0.292)
pix2pix_2d_t2,Pix2Pix,2D,T2 only,0.7994353031397041,0.04923145951786447,0.7810519740341756,0.8178186322452327,30,0.799 (0.781–0.818),15.00582494172419,0.994312992723127,14.634542368383062,15.377107515065319,30,15.01 (14.63–15.38),0.11766366859277096,0.02033642324041166,0.11006992335509119,0.12525741383045072,30,0.118 (0.110–0.125),0.24902228490798034,0.042421925808803204,0.2331816774778764,0.2648628923380843,30,0.249 (0.233–0.265),,,,,0,—,,,,,0,—,,,,,0,—,,,,,0,—
pix2pix_2d_t2_flair,Pix2Pix,2D,T2+FLAIR,0.7923726724422291,0.036054794242211044,0.7754985093163688,0.8092468355680894,20,0.792 (0.775–0.809),14.94592368071055,1.035471169942184,14.461308255745129,15.43053910567597,20,14.95 (14.46–15.43),0.11774600297212597,0.021789863773186653,0.10754803281234733,0.12794397313190461,20,0.118 (0.108–0.128),0.25437198423084084,0.03634534141572708,0.23736184084203038,0.2713821276196513,20,0.254 (0.237–0.271),0.771992244910856,0.05057481401222298,0.7483225033511282,0.795661986470584,20,0.772 (0.748–0.796),15.40833427705304,1.0242001203825333,14.92899386565701,15.88767468844907,20,15.41 (14.93–15.89),0.1283087152987718,0.01925988098709537,0.11929481353087826,0.13732261706666535,20,0.128 (0.119–0.137),0.25831454020728606,0.04818852566630702,0.2357616159713188,0.2808674644432533,20,0.258 (0.236–0.281)
pix2pix_2d_3dpost_t2,Pix2Pix,2D+3D-post,T2 only,0.8138262320340098,0.039480199929045424,0.7990840831000676,0.828568380967952,30,0.814 (0.799–0.829),14.961754186515432,1.1672095658090522,14.525910971759574,15.39759740127129,30,14.96 (14.53–15.40),0.11914509733517963,0.02312864489622312,0.110508719396031,0.12778147527432826,30,0.119 (0.111–0.128),0.24461764438964775,0.03852636680867458,0.2302316625962951,0.25900362618300043,30,0.245 (0.230–0.259),,,,,0,—,,,,,0,—,,,,,0,—,,,,,0,—
pix2pix_2d_3dpost_t2_flair,Pix2Pix,2D+3D-post,T2+FLAIR,0.8084405205287467,0.02632482446845763,0.7961201234310332,0.8207609176264602,20,0.808 (0.796–0.821),14.759323056306878,1.2557913628473398,14.171594607036631,15.347051505577124,20,14.76 (14.17–15.35),0.12098298594355575,0.024270015573544468,0.10962426901110138,0.13234170287601013,20,0.121 (0.110–0.132),0.24872805661025751,0.03220978640137764,0.2336534125467047,0.26380270067381034,20,0.249 (0.234–0.264),0.7888043684711733,0.036732744058632257,0.7716129150643981,0.8059958218779485,20,0.789 (0.772–0.806),15.018067286208861,1.2693941774059856,14.42397252375731,15.612162048660412,20,15.02 (14.42–15.61),0.130488669872284,0.02167899931758632,0.12034258587488622,0.14063475386968177,20,0.130 (0.120–0.141),0.24930501679642575,0.04435524653271481,0.22854612241880848,0.270063911174043,20,0.249 (0.229–0.270)
pix2pix_3d_t2,Pix2Pix,Full-3D,T2 only,0.7819806636640235,0.04343051431613299,0.7657634430958189,0.7981978842322281,30,0.782 (0.766–0.798),14.099068211371751,0.9501440491175587,13.744278592627065,14.453857830116437,30,14.10 (13.74–14.45),0.13377212857206675,0.0204152574626148,0.1261489461520298,0.1413953109921037,30,0.134 (0.126–0.141),0.24575441057515474,0.03807386920168755,0.2315373941651194,0.2599714269851901,30,0.246 (0.232–0.260),,,,,0,—,,,,,0,—,,,,,0,—,,,,,0,—
pix2pix_3d_t2_flair,Pix2Pix,Full-3D,T2+FLAIR,0.7803816634628586,0.033271172469737334,0.7648102754285401,0.7959530514971772,20,0.780 (0.765–0.796),14.12855754445211,0.9797687291996913,13.670011664226928,14.587103424677293,20,14.13 (13.67–14.59),0.13199954777956016,0.023226942901557225,0.12112900388453873,0.1428700916745816,20,0.132 (0.121–0.143),0.25964702242760496,0.02696388353301325,0.2470275364811262,0.2722665083740837,20,0.260 (0.247–0.272),0.7624095216806308,0.042072352887173765,0.7427190544174512,0.7820999889438104,20,0.762 (0.743–0.782),14.403623398455954,1.0055379279849226,13.933017161957386,14.874229634954522,20,14.40 (13.93–14.87),0.1408714666962623,0.018800366797964475,0.1320726241888364,0.1496703092036882,20,0.141 (0.132–0.150),0.26160476778232367,0.0349152291719456,0.24526393752640044,0.2779455980382469,20,0.262 (0.245–0.278)
swinpix2pix_25d_t2,SwinPix2Pix,2.5D,T2 only,0.8019756781763501,0.043931766604471546,0.7855712869276158,0.8183800694250843,30,0.802 (0.786–0.818),15.011230370753715,1.1427165539443944,14.58453299693581,15.43792774457162,30,15.01 (14.58–15.44),0.11769728014866511,0.0220475467864312,0.10946459087815037,0.12592996941917983,30,0.118 (0.109–0.126),0.2335048664053533,0.03712989350176476,0.21964033631461966,0.24736939649608697,30,0.234 (0.220–0.247),,,,,0,—,,,,,0,—,,,,,0,—,,,,,0,—
swinpix2pix_25d_t2_flair,SwinPix2Pix,2.5D,T2+FLAIR,0.7883777264394753,0.03480992821741068,0.7720861785472842,0.8046692743316665,20,0.788 (0.772–0.805),14.511980260222472,1.3217893891183532,13.893363783862112,15.130596736582833,20,14.51 (13.89–15.13),0.12504768297076227,0.02744043745832199,0.11220516292180306,0.1378902030197215,20,0.125 (0.112–0.138),0.24758966512560038,0.03325674981337529,0.2320250271022381,0.26315430314896265,20,0.248 (0.232–0.263),0.7674376161676013,0.04862419471108583,0.7446807925422464,0.7901944397929562,20,0.767 (0.745–0.790),14.909863352022523,1.259016722008601,14.320625388198927,15.499101315846119,20,14.91 (14.32–15.50),0.13598652221262447,0.024166391042339898,0.12467630305363235,0.1472967413716166,20,0.136 (0.125–0.147),0.24859770239538598,0.04575288253148861,0.2271846942354115,0.27001071055536047,20,0.249 (0.227–0.270)
swinpix2pix_2d_t2,SwinPix2Pix,2D,T2 only,0.7845127415494202,0.0379593983591683,0.7703384692544614,0.798687013844379,30,0.785 (0.770–0.799),14.919530790689453,1.129233388537111,14.497868113577553,15.341193467801354,30,14.92 (14.50–15.34),0.11888442436854044,0.022211451785664364,0.11059053196546671,0.12717831677161417,30,0.119 (0.111–0.127),0.2501956262371607,0.029603342875842854,0.2391415563387668,0.2612496961355546,30,0.250 (0.239–0.261),,,,,0,—,,,,,0,—,,,,,0,—,,,,,0,—
swinpix2pix_2d_t2_flair,SwinPix2Pix,2D,T2+FLAIR,0.7872162371615231,0.02785063914175868,0.7741817368151779,0.8002507375078683,20,0.787 (0.774–0.800),14.606403216215403,1.1932557325819648,14.047942342823902,15.164864089606905,20,14.61 (14.05–15.16),0.12189036235213287,0.025177695670369666,0.11010683805794369,0.13367388664632204,20,0.122 (0.110–0.134),0.244982208845031,0.026698625565815336,0.23248686744861852,0.2574775502414435,20,0.245 (0.232–0.257),0.7650572394276873,0.040887879559887486,0.7459211227456979,0.7841933561096768,20,0.765 (0.746–0.784),14.99596991210333,1.2065033774791458,14.431308950048813,15.560630874157848,20,15.00 (14.43–15.56),0.13407908976078026,0.02243725516736163,0.12357813110193545,0.14458004841962505,20,0.134 (0.124–0.145),0.2488518498415928,0.03846316879239279,0.23085053273019232,0.2668531669529933,20,0.249 (0.231–0.267)
swinpix2pix_2d_3dpost_t2,SwinPix2Pix,2D+3D-post,T2 only,0.8127929231071981,0.03811301321942574,0.798561290080722,0.8270245561336742,30,0.813 (0.799–0.827),14.882187544774673,1.2160482593005544,14.428107662157842,15.336267427391505,30,14.88 (14.43–15.34),0.11967686663071311,0.023427433961818983,0.11092891902087477,0.12842481424055144,30,0.120 (0.111–0.128),0.2346044075632506,0.033924841918664385,0.2219366634022729,0.2472721517242283,30,0.235 (0.222–0.247),,,,,0,—,,,,,0,—,,,,,0,—,,,,,0,—
swinpix2pix_2d_3dpost_t2_flair,SwinPix2Pix,2D+3D-post,T2+FLAIR,0.8067617410775976,0.025285796232195068,0.794927624163132,0.8185958579920631,20,0.807 (0.795–0.819),14.611299755777557,1.3143479947204586,13.996165959199264,15.22643355235585,20,14.61 (14.00–15.23),0.12202590927481656,0.02639589494299151,0.10967225017115009,0.13437956837848303,20,0.122 (0.110–0.134),0.2428608310945009,0.02754206743038903,0.22997074675449025,0.25575091543451156,20,0.243 (0.230–0.256),0.786538211436743,0.03654285477220061,0.7694356289516425,0.8036407939218434,20,0.787 (0.769–0.804),14.913098672469038,1.2715115364477088,14.318012955482397,15.50818438945568,20,14.91 (14.32–15.51),0.13264720551669607,0.022475417339213474,0.12212838641164434,0.1431660246217478,20,0.133 (0.122–0.143),0.2472655033213035,0.0414071831889179,0.22788634505962163,0.2666446615829854,20,0.247 (0.228–0.267)
swinpix2pix_3d_t2,SwinPix2Pix,Full-3D,T2 only,0.7853026542123428,0.043209570819054605,0.7691679353018241,0.8014373731228615,30,0.785 (0.769–0.801),14.24500918127088,0.958541286625967,13.88708398250874,14.602934380033021,30,14.25 (13.89–14.60),0.13067835619052248,0.021300034108001065,0.12272479274143805,0.13863191963960692,30,0.131 (0.123–0.139),0.24130927553707668,0.03675207835817536,0.22758582393951945,0.25503272713463393,30,0.241 (0.228–0.255),,,,,0,—,,,,,0,—,,,,,0,—,,,,,0,—
swinpix2pix_3d_t2_flair,SwinPix2Pix,Full-3D,T2+FLAIR,0.7829462541880574,0.02776567115632214,0.769951520082981,0.7959409882931339,20,0.783 (0.770–0.796),14.063561303448262,0.9468246313482456,13.620433735624063,14.50668887127246,20,14.06 (13.62–14.51),0.13113391995429993,0.023015536691247538,0.12036231721131008,0.1419055226972898,20,0.131 (0.120–0.142),0.2538573075027577,0.027947865716175403,0.24077730371889852,0.26693731128661685,20,0.254 (0.241–0.267),0.7612125517519213,0.039026282836424286,0.7429476891554566,0.7794774143483859,20,0.761 (0.743–0.779),14.39663602782023,0.9361608815020943,13.958499248550488,14.834772807089973,20,14.40 (13.96–14.83),0.1404413219541312,0.01679109525490461,0.13258284747526686,0.14829979643299554,20,0.140 (0.133–0.148),0.2619555070439974,0.03533940257544473,0.24541615752441642,0.27849485656357836,20,0.262 (0.245–0.278)
cyclegan_25d_t2,CycleGAN,2.5D,T2 only,0.8029384359498054,0.04362984938493443,0.7866467824436393,0.8192300894559715,30,0.803 (0.787–0.819),14.805376014757229,0.996884569960105,14.433133198694666,15.177618830819792,30,14.81 (14.43–15.18),0.1215289816260338,0.021514899422851227,0.11349518614980786,0.12956277710225975,30,0.122 (0.113–0.130),0.272188486625674,0.03271426789149941,0.2599727782354397,0.28440419501590836,30,0.272 (0.260–0.284),,,,,0,—,,,,,0,—,,,,,0,—,,,,,0,—
cyclegan_25d_t2_flair,CycleGAN,2.5D,T2+FLAIR,0.7966508029576873,0.03030387465192203,0.7824681530502446,0.81083345286513,20,0.797 (0.782–0.811),14.554076886447922,1.0674473349363556,14.054496155603168,15.053657617292675,20,14.55 (14.05–15.05),0.12431736215949049,0.023731835450834723,0.11321052127771311,0.13542420304126787,20,0.124 (0.113–0.135),0.2766394755696436,0.025155587572029306,0.2648662981839762,0.28841265295531093,20,0.277 (0.265–0.288),0.7762590518754743,0.04389737175952693,0.7557144494880452,0.7968036542629033,20,0.776 (0.756–0.797),14.979917030585938,1.0178968745513213,14.503526629046121,15.456307432125755,20,14.98 (14.50–15.46),0.13485097847878924,0.019718728751811413,0.12562232934665502,0.14407962761092347,20,0.135 (0.126–0.144),0.28261135736730497,0.0357051772318569,0.2659008200390198,0.2993218946955901,20,0.283 (0.266–0.299)
cyclegan_2d_t2,CycleGAN,2D,T2 only,0.775963699132196,0.051960920634747075,0.7565611724955809,0.7953662257688111,30,0.776 (0.757–0.795),13.227955858169652,1.8609340556813232,12.533071661676107,13.922840054663197,30,13.23 (12.53–13.92),0.16330570926268898,0.04650386606015112,0.14594088029285182,0.18067053823252613,30,0.163 (0.146–0.181),0.2665334244945947,0.03921341434547947,0.2518908949347546,0.28117595405443485,30,0.267 (0.252–0.281),,,,,0,—,,,,,0,—,,,,,0,—,,,,,0,—
cyclegan_2d_t2_flair,CycleGAN,2D,T2+FLAIR,0.7968089964027929,0.02971996465924989,0.7828996247839733,0.8107183680216125,20,0.797 (0.783–0.811),14.513561711793647,1.0564652911927932,14.019120735632816,15.008002687954479,20,14.51 (14.02–15.01),0.12473553009331229,0.023474228073590203,0.11374925317528539,0.13572180701133918,20,0.125 (0.114–0.136),0.26881265564205803,0.024999118861168998,0.2571127078672273,0.2805126034168888,20,0.269 (0.257–0.281),0.7765430025326063,0.04429022723599521,0.7558145381225492,0.7972714669426635,20,0.777 (0.756–0.797),14.98961894414182,1.0756182908782321,14.486214088202047,15.493023800081595,20,14.99 (14.49–15.49),0.13549066781997685,0.021193733127835325,0.12557169539033103,0.14540964024962266,20,0.135 (0.126–0.145),0.2726532162179859,0.03845888947126744,0.25465390189052173,0.29065253054545004,20,0.273 (0.255–0.291)
cyclegan_2d_3dpost_t2,CycleGAN,2D+3D-post,T2 only,0.8063278119120333,0.03840200809248163,0.7919882664264665,0.8206673573976001,30,0.806 (0.792–0.821),14.680724926034255,1.133711584665931,14.257390063006246,15.104059789062264,30,14.68 (14.26–15.10),0.12396068200469028,0.02468180405231476,0.114744344905295,0.13317701910408555,30,0.124 (0.115–0.133),0.26199195133395514,0.03373898342423876,0.24939360787536458,0.2745902947925457,30,0.262 (0.249–0.275),,,,,0,—,,,,,0,—,,,,,0,—,,,,,0,—
cyclegan_2d_3dpost_t2_flair,CycleGAN,2D+3D-post,T2+FLAIR,0.8066507830946673,0.0253686093961536,0.7947779084264279,0.8185236577629067,20,0.807 (0.795–0.819),14.548455231389948,1.1423410737858133,14.013823151812998,15.083087310966897,20,14.55 (14.01–15.08),0.12410405166447167,0.02502705540690837,0.11239102918376925,0.13581707414517408,20,0.124 (0.112–0.136),0.2687270813678676,0.02442366695517776,0.25729645337524254,0.28015770936049267,20,0.269 (0.257–0.280),0.7865038220327939,0.03742155969762961,0.7689899929836006,0.8040176510819872,20,0.787 (0.769–0.804),14.841485422094493,1.1496208981209664,14.303446279852485,15.379524564336501,20,14.84 (14.30–15.38),0.13321494348347193,0.020180284618240323,0.12377027955648136,0.14265960741046252,20,0.133 (0.124–0.143),0.27265802721017235,0.03686026818962373,0.25540689067292693,0.28990916374741776,20,0.273 (0.255–0.290)
cyclegan_3d_t2,CycleGAN,Full-3D,T2 only,0.7900887933292856,0.04202931234996527,0.7743947901740856,0.8057827964844856,30,0.790 (0.774–0.806),14.252586517875896,0.9652361590633447,13.892161412660826,14.613011623090966,30,14.25 (13.89–14.61),0.13148858894904455,0.023903683570218024,0.12256280681280138,0.14041437108528773,30,0.131 (0.123–0.140),0.20801579631310266,0.031747649033298915,0.19616102933642648,0.21987056328977883,30,0.208 (0.196–0.220),,,,,0,—,,,,,0,—,,,,,0,—,,,,,0,—
cyclegan_3d_t2_flair,CycleGAN,Full-3D,T2+FLAIR,0.7875089519909347,0.02812125944068722,0.7743477974460212,0.8006701065358482,20,0.788 (0.774–0.801),14.253924525775627,1.0253491536910035,13.774046350237775,14.73380270131348,20,14.25 (13.77–14.73),0.13046648018062132,0.0253348128017283,0.11860942280546093,0.1423235375557817,20,0.130 (0.119–0.142),0.23030983299347718,0.02542593395372739,0.21841012960645165,0.24220953638050272,20,0.230 (0.218–0.242),0.7692105779878173,0.037322624414207584,0.7517430520765688,0.7866781038990659,20,0.769 (0.752–0.787),14.541027777826205,1.0048094737058575,14.070762468424656,15.011293087227754,20,14.54 (14.07–15.01),0.13961240239441397,0.017500922555844026,0.1314217185126398,0.14780308627618813,20,0.140 (0.131–0.148),0.23402368905977483,0.03549116586008658,0.21741331213661585,0.2506340659829338,20,0.234 (0.217–0.251)
cut_25d_t2,CUT,2.5D,T2 only,0.7972684282940112,0.0474181694910726,0.7795621928122091,0.8149746637758134,30,0.797 (0.780–0.815),14.92517020075041,0.9759330938465832,14.560750794442777,15.289589607058042,30,14.93 (14.56–15.29),0.11966372082630791,0.02094701524591949,0.11184197678671609,0.12748546486589973,30,0.120 (0.112–0.127),0.2774787454608125,0.039817376187996516,0.2626106928426088,0.29234679807901626,30,0.277 (0.263–0.292),,,,,0,—,,,,,0,—,,,,,0,—,,,,,0,—
cut_25d_t2_flair,CUT,2.5D,T2+FLAIR,0.7896825015284363,0.035524393870004854,0.773056573417939,0.8063084296389337,20,0.790 (0.773–0.806),14.79674753364018,0.9396294865497916,14.356987397237935,15.236507670042426,20,14.80 (14.36–15.24),0.12038953974843021,0.021870806536073744,0.11015368720952498,0.13062539228733544,20,0.120 (0.110–0.131),0.2763622835233031,0.03454000259963042,0.2601970647088949,0.2925275023377113,20,0.276 (0.260–0.293),0.76875180087407,0.0498828605245708,0.7454059035151359,0.7920976982330041,20,0.769 (0.745–0.792),15.155334424833697,1.0009084875421086,14.686894833156028,15.623774016511366,20,15.16 (14.69–15.62),0.1327380839735269,0.020314130635156347,0.12323077818237771,0.1422453897646761,20,0.133 (0.123–0.142),0.2851388976189996,0.04602378738949888,0.26359910208270715,0.306678693155292,20,0.285 (0.264–0.307)
cut_2d_t2,CUT,2D,T2 only,0.7996674218065227,0.04677662932489698,0.7822007413597473,0.8171341022532982,30,0.800 (0.782–0.817),14.893525367935775,1.0258013410481446,14.51048485209371,15.27656588377784,30,14.89 (14.51–15.28),0.11967383200923605,0.021131082812324533,0.11178335601077047,0.12756430800770163,30,0.120 (0.112–0.128),0.2572616139961348,0.03861833050762267,0.24284129239323593,0.27168193559903364,30,0.257 (0.243–0.272),,,,,0,—,,,,,0,—,,,,,0,—,,,,,0,—
cut_2d_t2_flair,CUT,2D,T2+FLAIR,0.7873010059614429,0.03660948347482126,0.7701672402836349,0.8044347716392509,20,0.787 (0.770–0.804),14.496887067102875,1.1063764587661682,13.979086945476466,15.014687188729285,20,14.50 (13.98–15.01),0.12729012072086338,0.02427423802533996,0.1159294276201383,0.13865081382158845,20,0.127 (0.116–0.139),0.24515173390253434,0.03336789574707273,0.22953507798098666,0.260768389824082,20,0.245 (0.230–0.261),0.7687049380527966,0.048118851320144235,0.7461846224145914,0.7912252536910018,20,0.769 (0.746–0.791),14.8447220156339,1.1889467308185584,14.28827781714496,15.40116621412284,20,14.84 (14.29–15.40),0.13934185951948164,0.02410026885565306,0.12806258649644295,0.15062113254252033,20,0.139 (0.128–0.151),0.25420729478551757,0.0425297566372079,0.2343027559777715,0.27411183359326363,20,0.254 (0.234–0.274)
cut_2d_3dpost_t2,CUT,2D+3D-post,T2 only,0.812795158650549,0.038565871923494734,0.7983944254048891,0.8271958918962088,30,0.813 (0.798–0.827),14.899322974475774,1.13440249182895,14.475730122473164,15.322915826478384,30,14.90 (14.48–15.32),0.11985929161310187,0.0232150907145538,0.1111906342748915,0.12852794895131223,30,0.120 (0.111–0.129),0.2558714338241916,0.036250095174302874,0.2423354258280417,0.2694074418203415,30,0.256 (0.242–0.269),,,,,0,—,,,,,0,—,,,,,0,—,,,,,0,—
cut_2d_3dpost_t2_flair,CUT,2D+3D-post,T2+FLAIR,0.8057983313066058,0.027086266966032807,0.7931215681503668,0.8184750944628448,20,0.806 (0.793–0.818),14.640311805222069,1.2137585230651284,14.072255330512638,15.2083682799315,20,14.64 (14.07–15.21),0.1235958598554134,0.026258173280115187,0.11130665647404916,0.13588506323677763,20,0.124 (0.111–0.136),0.2523984304604826,0.02812961444804182,0.2392333656517614,0.2655634952692038,20,0.252 (0.239–0.266),0.7859338663619726,0.03700859739385816,0.7686133096202526,0.8032544231036925,20,0.786 (0.769–0.803),14.873732942242736,1.1721411202988365,14.325154011585708,15.422311872899764,20,14.87 (14.33–15.42),0.13317303061485292,0.020533864338312655,0.12356288628505058,0.14278317494465526,20,0.133 (0.124–0.143),0.26029098193261324,0.038769973387785324,0.2421460758506132,0.2784358880146133,20,0.260 (0.242–0.278)
cut_3d_t2,CUT,Full-3D,T2 only,0.7831710339824449,0.04382486395435484,0.7668065608393,0.7995355071255899,30,0.783 (0.767–0.800),14.265253464971316,1.0538350559556848,13.871744987946649,14.658761941995984,30,14.27 (13.87–14.66),0.13162323758006092,0.024839792587980344,0.1223479065919107,0.14089856856821115,30,0.132 (0.122–0.141),0.20224274233471,0.03149290713453993,0.19048309754631987,0.21400238712310016,30,0.202 (0.190–0.214),,,,,0,—,,,,,0,—,,,,,0,—,,,,,0,—
cut_3d_t2_flair,CUT,Full-3D,T2+FLAIR,0.7728941626827089,0.0333723837472516,0.7572754063124215,0.7885129190529964,20,0.773 (0.757–0.789),14.013405306776482,1.0616386856895876,13.516543107461057,14.510267506091907,20,14.01 (13.52–14.51),0.13482441939413542,0.02693079027490055,0.12222042156920877,0.14742841721906208,20,0.135 (0.122–0.147),0.2174544975505684,0.029986597878797296,0.20342033774377055,0.23148865735736623,20,0.217 (0.203–0.231),0.7503496053415293,0.04163158999733808,0.7308654214606081,0.7698337892224505,20,0.750 (0.731–0.770),14.336316061079804,1.0922372446923838,13.82513329533538,14.847498826824229,20,14.34 (13.83–14.85),0.14421292878687378,0.0197317489410198,0.13497818601861572,0.15344767155513184,20,0.144 (0.135–0.153),0.2185021077719591,0.030588843762081347,0.20418608821557727,0.23281812732834095,20,0.219 (0.204–0.233)
ResViT-2.5d-t2,ResViT,2.5D,T2 only,0.72290536231142,0.057195019727888166,0.701548390953026,0.744262333669814,30,0.723 (0.702–0.744),15.407469337710841,0.9697797870347513,15.045347613928103,15.76959106149358,30,15.41 (15.05–15.77),0.11424268533786133,0.019947323063044194,0.10679423249422425,0.12169113818149842,30,0.114 (0.107–0.122),0.1726203656489029,0.040384456345600714,0.15754056181981602,0.1877001694779898,30,0.173 (0.158–0.188),,,,,0,—,,,,,0,—,,,,,0,—,,,,,0,—
ResViT-2.5d-t2_flair,ResViT,2.5D,T2+FLAIR,0.7290507166131314,0.056635991112500644,0.7025442568506111,0.7555571763756517,20,0.729 (0.703–0.756),15.388054030540243,1.0602337947698304,14.891849340414712,15.884258720665773,20,15.39 (14.89–15.88),0.11314211487770079,0.021425068680657532,0.10311487407661707,0.12316935567878451,20,0.113 (0.103–0.123),0.2050703470258882,0.042098551284723056,0.18536761853523043,0.22477307551654596,20,0.205 (0.185–0.225),0.6916882769672826,0.061174882581561944,0.6630575506080653,0.7203190033265,20,0.692 (0.663–0.720),15.1165871189297,1.0848188284484641,14.60887627886025,15.62429795899915,20,15.12 (14.61–15.62),0.1312444660812616,0.017402956391336204,0.12309963177581883,0.13938930038670438,20,0.131 (0.123–0.139),0.2013182756497148,0.03552703259605475,0.18469111257741147,0.21794543872201813,20,0.201 (0.185–0.218)
ResViT-2d-t2,ResViT,2D,T2 only,0.7197601249999206,0.0564266287136288,0.6986900755616808,0.7408301744381603,30,0.720 (0.699–0.741),15.232212146721478,0.7995022391147055,14.933673104284205,15.530751189158751,30,15.23 (14.93–15.53),0.11757375399271651,0.018376273819009886,0.11071194057795102,0.124435567407482,30,0.118 (0.111–0.124),0.1830522452664315,0.0346642830048198,0.17010838926611227,0.1959961012667507,30,0.183 (0.170–0.196),,,,,0,—,,,,,0,—,,,,,0,—,,,,,0,—
ResViT-2d-t2_flair,ResViT,2D,T2+FLAIR,0.713752986917946,0.06053502333170943,0.6854217239057406,0.7420842499301513,20,0.714 (0.685–0.742),15.303423035227999,0.9087227681343975,14.878127688299323,15.728718382156675,20,15.30 (14.88–15.73),0.11373067684471605,0.02057759219359601,0.10410006724867925,0.12336128644075285,20,0.114 (0.104–0.123),0.20934727172881376,0.04058655187895528,0.19035218074255364,0.22834236271507388,20,0.209 (0.190–0.228),0.6847176347309977,0.06696511585518827,0.6533769957831913,0.716058273678804,20,0.685 (0.653–0.716),15.30874782765351,0.9271307126604095,14.874837297494082,15.742658357812939,20,15.31 (14.87–15.74),0.12858367264270779,0.01585599595180855,0.12116283810912562,0.13600450717628995,20,0.129 (0.121–0.136),0.21378582501634588,0.043600605067180005,0.19338011371628072,0.23419153631641104,20,0.214 (0.193–0.234)
ResViT-2d_3d_refine-t2,ResViT,2D+3D-post,T2 only,0.7307141683475452,0.056434691027823926,0.7096411083917085,0.751787228303382,30,0.731 (0.710–0.752),15.16280490612015,0.8469345902301499,14.846554332695506,15.479055479544796,30,15.16 (14.85–15.48),0.11703582058350247,0.01783663152246858,0.11037551291391973,0.12369612825308521,30,0.117 (0.110–0.124),0.18951602466589307,0.03984054231150264,0.17463932167500726,0.20439272765677888,30,0.190 (0.175–0.204),,,,,0,—,,,,,0,—,,,,,0,—,,,,,0,—
ResViT-2d_3d_refine-t2_flair,ResViT,2D+3D-post,T2+FLAIR,0.7296722722435484,0.05646735155731922,0.7032447382223452,0.7560998062647515,20,0.730 (0.703–0.756),15.356608433027684,0.9823366573755524,14.896860725421547,15.816356140633822,20,15.36 (14.90–15.82),0.11338983066380033,0.020115433096568262,0.10397551818323053,0.12280414314437013,20,0.113 (0.104–0.123),0.22957094139229844,0.04555539184087066,0.20825036172066697,0.2508915210639299,20,0.230 (0.208–0.251),0.6982285845644176,0.061636906085332906,0.6693816245493308,0.7270755445795044,20,0.698 (0.669–0.727),15.465688085389985,0.9880658572543384,15.003259029703317,15.928117141076653,20,15.47 (15.00–15.93),0.1261769376695156,0.016301890485232094,0.11854741807054733,0.13380645726848386,20,0.126 (0.119–0.134),0.21824185211163966,0.039452394569123986,0.19977756308552702,0.2367061411377523,20,0.218 (0.200–0.237)
ResViT-full_3d-t2,ResViT,Full-3D,T2 only,0.708070200749207,0.05464364319197551,0.6876659290465034,0.7284744724519107,30,0.708 (0.688–0.728),14.753239322402086,1.1859252334148405,14.310407562508702,15.19607108229547,30,14.75 (14.31–15.20),0.12506416862209638,0.024696845223251853,0.11584221505716917,0.1342861221870236,30,0.125 (0.116–0.134),0.16552230164297674,0.03451983320668673,0.15263238408373386,0.1784122192022196,30,0.166 (0.153–0.178),,,,,0,—,,,,,0,—,,,,,0,—,,,,,0,—
ResViT-full_3d-t2_flair,ResViT,Full-3D,T2+FLAIR,0.7006552607213625,0.05384171335849079,0.6754565632032575,0.7258539582394675,20,0.701 (0.675–0.726),14.812716210194187,1.1898169007653403,14.25586475963412,15.369567660754255,20,14.81 (14.26–15.37),0.12384179085493083,0.025304008191466682,0.11199915048115702,0.13568443122870463,20,0.124 (0.112–0.136),0.16668952228238756,0.0341334359806605,0.15071458250282677,0.18266446206194836,20,0.167 (0.151–0.183),0.7024205888477468,0.06022014520660807,0.6742366933343554,0.7306044843611382,20,0.702 (0.674–0.731),15.484743093688417,1.1580476288068409,14.9427601200864,16.026726067290433,20,15.48 (14.94–16.03),0.124106353893876,0.01774647249344442,0.11580074910380936,0.13241195868394265,20,0.124 (0.116–0.132),0.2448759018948589,0.03900466135848528,0.22662115846155784,0.26313064532815994,20,0.245 (0.227–0.263)
SynDiff-2D-T2,SynDiff,2D,T2 only,0.7263469218132581,0.055530903311863236,0.7056113417368877,0.7470825018896285,30,0.726 (0.706–0.747),14.669291806169229,0.9193270324349588,14.326009450570401,15.012574161768056,30,14.67 (14.33–15.01),0.12414043769240381,0.020825745476324767,0.1163639765289819,0.13191689885582572,30,0.124 (0.116–0.132),0.18759582205972303,0.039620151389654266,0.17280141439154117,0.20239022972790488,30,0.188 (0.173–0.202),,,,,0,—,,,,,0,—,,,,,0,—,,,,,0,—
SynDiff-2.5D-T2,SynDiff,2.5D,T2 only,0.7262477833896622,0.05578036176717975,0.7054190539952104,0.747076512784114,30,0.726 (0.705–0.747),14.626533139216692,0.9262666273175567,14.280659496302087,14.972406782131296,30,14.63 (14.28–14.97),0.125105485568444,0.020828644017034277,0.11732794207213353,0.1328830290647545,30,0.125 (0.117–0.133),0.1857300764535435,0.03971338916444896,0.17090085322807563,0.20055929967901137,30,0.186 (0.171–0.201),,,,,0,—,,,,,0,—,,,,,0,—,,,,,0,—
SynDiff-3Drefine-T2,SynDiff,2D+3D-post,T2 only,0.7068451612993459,0.059638880400682576,0.6845756373683487,0.7291146852303432,30,0.707 (0.685–0.729),14.946322712830852,0.7571746583939675,14.663589048788827,15.229056376872878,30,14.95 (14.66–15.23),0.12196476285656296,0.01734750062708599,0.11548709966499407,0.12844242604813186,30,0.122 (0.115–0.128),0.20815738300967204,0.03032850817186564,0.19683253193957922,0.21948223407976486,30,0.208 (0.197–0.219),,,,,0,—,,,,,0,—,,,,,0,—,,,,,0,—
SynDiff-full3D-T2,SynDiff,Full-3D,T2 only,0.6978028718553779,0.0538748598387748,0.6776856685745969,0.717920075136159,30,0.698 (0.678–0.718),14.13608003890779,0.9540338533129213,13.779837943405768,14.492322134409813,30,14.14 (13.78–14.49),0.13822572405139605,0.022454814818182494,0.12984095839852,0.1466104897042721,30,0.138 (0.130–0.147),0.21441355503723533,0.030827287504403847,0.20290245670348464,0.22592465337098602,30,0.214 (0.203–0.226),,,,,0,—,,,,,0,—,,,,,0,—,,,,,0,—
SynDiff-2D-T2_FLAIR,SynDiff,2D,T2+FLAIR,0.7064429005783311,0.056851831981620415,np.float64(0.6798354241795681),np.float64(0.7330503769770942),20,0.706 (0.680–0.733),14.315040759026937,1.0205261707469033,np.float64(13.837419808988832),np.float64(14.792661709065042),20,14.32 (13.84–14.79),0.12896010801196092,0.023608758369736572,np.float64(0.11791086897723735),np.float64(0.1400093470466845),20,0.129 (0.118–0.140),0.20578382824789454,0.038455980246834706,np.float64(0.18778587547937603),np.float64(0.22378178101641305),20,0.206 (0.188–0.224),0.6726392684133236,0.06046060058264939,0.6443428363198437,0.7009357005068034,20,0.673 (0.644–0.701),14.24222756068266,0.9240273253562094,13.809769460490296,14.674685660875022,20,14.24 (13.81–14.67),0.14506504200398945,0.01832986874816803,0.13648639936206075,0.15364368464591815,20,0.145 (0.136–0.154),0.19596536224460664,0.03652737317374068,0.17887002537061988,0.2130606991185934,20,0.196 (0.179–0.213)
SynDiff-2.5D-T2_FLAIR,SynDiff,2.5D,T2+FLAIR,0.7075978223456472,0.05831096305818511,np.float64(0.6803074515821967),np.float64(0.7348881931090976),20,0.708 (0.680–0.735),14.419401881110165,1.0760959268869335,np.float64(13.915773484637283),np.float64(14.923030277583047),20,14.42 (13.92–14.92),0.12793362028896804,0.023785510450879593,np.float64(0.11680165873390483),np.float64(0.13906558184403126),20,0.128 (0.117–0.139),0.19589517331326958,0.036773211493361144,np.float64(0.17868478056405),np.float64(0.21310556606248918),20,0.196 (0.179–0.213),0.6707602692833927,0.06277452600205514,0.6413808867582497,0.7001396518085358,20,0.671 (0.641–0.700),14.450330777691121,0.9263262816146051,14.0167967328501,14.883864822532143,20,14.45 (14.02–14.88),0.14232584498822684,0.019012328685029212,0.1334278012640427,0.151223888712411,20,0.142 (0.133–0.151),0.18527030390149035,0.034101899688099825,0.16931012356117303,0.20123048424180767,20,0.185 (0.169–0.201)
SynDiff-3Drefine-T2_FLAIR,SynDiff,2D+3D-post,T2+FLAIR,0.6837034391063754,0.05862426962196192,np.float64(0.6562664363574516),np.float64(0.7111404418552992),20,0.684 (0.656–0.711),14.025245743968942,0.9443329397065154,np.float64(13.58328432372942),np.float64(14.467207164208464),20,14.03 (13.58–14.47),0.1371517542749643,0.02105666455269315,np.float64(0.12729693191315225),np.float64(0.14700657663677633),20,0.137 (0.127–0.147),0.23678108205982398,0.04110521193913697,np.float64(0.2175432506933638),np.float64(0.2560189134262842),20,0.237 (0.218–0.256),0.6573327545076071,0.06162025193404504,0.6284935888752498,0.6861719201399644,20,0.657 (0.628–0.686),14.012498945994967,0.7833266044478234,13.645890810181395,14.379107081808538,20,14.01 (13.65–14.38),0.15014464780688286,0.016514920059785654,0.14241542729803003,0.1578738683157357,20,0.150 (0.142–0.158),0.23066009110422597,0.03242274125275895,0.21548578110230968,0.24583440110614227,20,0.231 (0.215–0.246)
SynDiff-full3D-T2_FLAIR,SynDiff,Full-3D,T2+FLAIR,0.6990533957666621,0.05210379861840329,np.float64(0.674668067384047),np.float64(0.7234387241492772),20,0.699 (0.675–0.723),14.283334225000301,1.1906535226143264,np.float64(13.72609122336217),np.float64(14.840577226638432),20,14.28 (13.73–14.84),0.13148111701011653,0.026395634202021595,np.float64(0.11912757993698006),np.float64(0.143834654083253),20,0.131 (0.119–0.144),0.22874766195046276,0.04031155684361595,np.float64(0.209881272602435),np.float64(0.2476140512984905),20,0.229 (0.210–0.248),0.6627366569744791,0.056640939854071364,0.6362278811296102,0.6892454328193481,20,0.663 (0.636–0.689),14.379083105182806,0.8722119613108212,13.970875341837576,14.787290868528036,20,14.38 (13.97–14.79),0.14362178742885595,0.018004337117124607,0.13519549828000094,0.15204807657771097,20,0.144 (0.135–0.152),0.2381080559993593,0.030333578769101796,0.22391150413714656,0.25230460786157205,20,0.238 (0.224–0.252)
