method,family,regime,target,n,ssim_mean,ssim_ci,ssim_mean_full,ssim_n_full,psnr_mean,psnr_ci,psnr_mean_full,psnr_n_full,mae_mean,mae_ci,mae_mean_full,mae_n_full,lpips_mean,lpips_ci,lpips_mean_full,lpips_n_full
pix2pix-2D-T2,Pix2Pix,2D,T2w only,20,0.7921,0.0174,0.7994,30,14.9464,0.5058,15.0058,30,0.1181,0.0104,0.1177,30,0.2563,0.0174,0.249,30
pix2pix-2D-T2+FLAIR,Pix2Pix,2D,T2w + FLAIR,20,0.7924,0.0169,0.7924,20,14.9459,0.4846,14.9459,20,0.1177,0.0102,0.1177,20,0.2544,0.017,0.2544,20
pix2pix-2.5D-T2,Pix2Pix,2.5D,T2w only,20,0.7941,0.0169,0.8012,30,15.0419,0.5102,15.0968,30,0.1169,0.0106,0.1164,30,0.2626,0.0178,0.2559,30
pix2pix-2.5D-T2+FLAIR,Pix2Pix,2.5D,T2w + FLAIR,20,0.7917,0.0172,0.7917,20,15.01,0.5468,15.01,20,0.1182,0.0114,0.1182,20,0.2677,0.0177,0.2677,20
pix2pix-2D+3D-post-T2,Pix2Pix,2D + 3D-refine,T2w only,20,0.8083,0.0124,0.8138,30,14.8502,0.5992,14.9618,30,0.1204,0.0117,0.1191,30,0.2515,0.0148,0.2446,30
pix2pix-2D+3D-post-T2+FLAIR,Pix2Pix,2D + 3D-refine,T2w + FLAIR,20,0.8084,0.0123,0.8084,20,14.7593,0.5877,14.7593,20,0.121,0.0114,0.121,20,0.2487,0.0151,0.2487,20
pix2pix-3D-T2,Pix2Pix,Full-3D,T2w only,20,0.7739,0.0134,0.782,30,13.8704,0.4496,14.0991,30,0.1365,0.0101,0.1338,30,0.2533,0.0139,0.2458,30
pix2pix-3D-T2+FLAIR,Pix2Pix,Full-3D,T2w + FLAIR,20,0.7804,0.0156,0.7804,20,14.1286,0.4585,14.1286,20,0.132,0.0109,0.132,20,0.2597,0.0126,0.2597,20
CUT-2D-T2,CUT,2D,T2w only,20,0.7919,0.0168,0.7997,30,14.7996,0.5203,14.8935,30,0.1207,0.0109,0.1197,30,0.2647,0.0157,0.2573,30
CUT-2D-T2+FLAIR,CUT,2D,T2w + FLAIR,20,0.7873,0.0171,0.7873,20,14.4969,0.5178,14.4969,20,0.1273,0.0114,0.1273,20,0.2452,0.0156,0.2452,20
CUT-2.5D-T2,CUT,2.5D,T2w only,20,0.7896,0.017,0.7973,30,14.8336,0.491,14.9252,30,0.1207,0.0109,0.1197,30,0.2834,0.0164,0.2775,30
CUT-2.5D-T2+FLAIR,CUT,2.5D,T2w + FLAIR,20,0.7897,0.0166,0.7897,20,14.7967,0.4398,14.7967,20,0.1204,0.0102,0.1204,20,0.2764,0.0162,0.2764,20
CUT-2D+3D-post-T2,CUT,2D + 3D-refine,T2w only,20,0.807,0.0125,0.8128,30,14.7662,0.5879,14.8993,30,0.1212,0.0121,0.1199,30,0.2634,0.0136,0.2559,30
CUT-2D+3D-post-T2+FLAIR,CUT,2D + 3D-refine,T2w + FLAIR,20,0.8058,0.0127,0.8058,20,14.6403,0.5681,14.6403,20,0.1236,0.0123,0.1236,20,0.2524,0.0132,0.2524,20
CUT-3D-T2,CUT,Full-3D,T2w only,20,0.7749,0.0152,0.7832,30,14.0693,0.519,14.2653,30,0.1342,0.013,0.1316,30,0.2117,0.0118,0.2023,30
CUT-3D-T2+FLAIR,CUT,Full-3D,T2w + FLAIR,20,0.7729,0.0156,0.7729,20,14.0134,0.4969,14.0134,20,0.1348,0.0126,0.1348,20,0.2175,0.014,0.2175,20
CycleGAN-2D-T2,CycleGAN,2D,T2w only,20,0.7674,0.0209,0.776,30,13.1051,0.8709,13.228,30,0.1671,0.0229,0.1633,30,0.2762,0.0157,0.2666,30
CycleGAN-2D-T2+FLAIR,CycleGAN,2D,T2w + FLAIR,20,0.7968,0.0139,0.7968,20,14.5136,0.4944,14.5136,20,0.1247,0.011,0.1247,20,0.2688,0.0117,0.2688,20
CycleGAN-2.5D-T2,CycleGAN,2.5D,T2w only,20,0.796,0.0147,0.8029,30,14.6475,0.4731,14.8054,30,0.1234,0.0108,0.1215,30,0.2775,0.0124,0.2722,30
CycleGAN-2.5D-T2+FLAIR,CycleGAN,2.5D,T2w + FLAIR,20,0.7967,0.0142,0.7967,20,14.5541,0.4996,14.5541,20,0.1243,0.0111,0.1243,20,0.2767,0.0118,0.2767,20
CycleGAN-2D+3D-post-T2,CycleGAN,2D + 3D-refine,T2w only,20,0.8005,0.012,0.8063,30,14.5774,0.5329,14.6807,30,0.125,0.0123,0.124,30,0.2701,0.0106,0.262,30
CycleGAN-2D+3D-post-T2+FLAIR,CycleGAN,2D + 3D-refine,T2w + FLAIR,20,0.8067,0.0119,0.8067,20,14.5485,0.5346,14.5485,20,0.1241,0.0117,0.1241,20,0.2687,0.0114,0.2687,20
CycleGAN-3D-T2,CycleGAN,Full-3D,T2w only,20,0.7825,0.0147,0.7901,30,14.123,0.4619,14.2526,30,0.1329,0.0123,0.1315,30,0.2166,0.0117,0.208,30
CycleGAN-3D-T2+FLAIR,CycleGAN,Full-3D,T2w + FLAIR,20,0.7875,0.0132,0.7875,20,14.2539,0.4799,14.2539,20,0.1305,0.0119,0.1305,20,0.2303,0.0119,0.2303,20
SwinPix2Pix-2D-T2,SwinPix2Pix,2D,T2w only,20,0.7772,0.0125,0.7845,30,14.831,0.5583,14.9195,30,0.1197,0.0112,0.1189,30,0.2567,0.0121,0.2502,30
SwinPix2Pix-2D-T2+FLAIR,SwinPix2Pix,2D,T2w + FLAIR,20,0.7872,0.013,0.7872,20,14.6064,0.5585,14.6064,20,0.1219,0.0118,0.1219,20,0.245,0.0125,0.245,20
SwinPix2Pix-2.5D-T2,SwinPix2Pix,2.5D,T2w only,20,0.795,0.0149,0.802,30,14.9191,0.5694,15.0112,30,0.1188,0.0112,0.1177,30,0.2412,0.0148,0.2335,30
SwinPix2Pix-2.5D-T2+FLAIR,SwinPix2Pix,2.5D,T2w + FLAIR,20,0.7884,0.0163,0.7884,20,14.512,0.6186,14.512,20,0.125,0.0128,0.125,20,0.2476,0.0156,0.2476,20
SwinPix2Pix-2D+3D-post-T2,SwinPix2Pix,2D + 3D-refine,T2w only,20,0.8068,0.0117,0.8128,30,14.7486,0.6097,14.8822,30,0.1211,0.0119,0.1197,30,0.2422,0.0121,0.2346,30
SwinPix2Pix-2D+3D-post-T2+FLAIR,SwinPix2Pix,2D + 3D-refine,T2w + FLAIR,20,0.8068,0.0118,0.8068,20,14.6113,0.6151,14.6113,20,0.122,0.0124,0.122,20,0.2429,0.0129,0.2429,20
SwinPix2Pix-3D-T2,SwinPix2Pix,Full-3D,T2w only,20,0.777,0.0146,0.7853,30,14.0197,0.4419,14.245,30,0.1334,0.0104,0.1307,30,0.2496,0.013,0.2413,30
SwinPix2Pix-3D-T2+FLAIR,SwinPix2Pix,Full-3D,T2w + FLAIR,20,0.7829,0.013,0.7829,20,14.0636,0.4431,14.0636,20,0.1311,0.0108,0.1311,20,0.2539,0.0131,0.2539,20
ResViT-2D-T2,ResViT,2D,T2w only,20,0.7096,0.0261,0.7198,30,15.1848,0.4314,15.2322,30,0.1179,0.0098,0.1176,30,0.1892,0.0152,0.1831,30
ResViT-2.5D-T2,ResViT,2.5D,T2w only,20,0.7123,0.027,0.7229,30,15.3633,0.5263,15.4075,30,0.1145,0.0106,0.1142,30,0.1793,0.0182,0.1726,30
ResViT-2D+3D-refine-T2,ResViT,2D+3D-refine,T2w only,20,0.7207,0.0264,0.7307,30,15.0855,0.4515,15.1628,30,0.1173,0.0097,0.117,30,0.1963,0.0174,0.1895,30
ResViT-3D-T2,ResViT,Full-3D,T2w only,20,0.6997,0.0249,0.7081,30,14.7308,0.5744,14.7532,30,0.125,0.0118,0.1251,30,0.1708,0.0163,0.1655,30
ResViT-2D-T2+FLAIR,ResViT,2D,T2w + FLAIR,20,0.7138,0.0283,0.7138,20,15.3034,0.4253,15.3034,20,0.1137,0.0096,0.1137,20,0.2093,0.019,0.2093,20
ResViT-2.5D-T2+FLAIR,ResViT,2.5D,T2w + FLAIR,20,0.7291,0.0265,0.7291,20,15.3881,0.4962,15.3881,20,0.1131,0.01,0.1131,20,0.2051,0.0197,0.2051,20
ResViT-2D+3D-refine-T2+FLAIR,ResViT,2D+3D-refine,T2w + FLAIR,20,0.7297,0.0264,0.7297,20,15.3566,0.4597,15.3566,20,0.1134,0.0094,0.1134,20,0.2296,0.0213,0.2296,20
ResViT-3D-T2+FLAIR,ResViT,Full-3D,T2w + FLAIR,20,0.7007,0.0252,0.7007,20,14.8127,0.5569,14.8127,20,0.1238,0.0118,0.1238,20,0.1667,0.016,0.1667,20
SynDiff-2D-T2,SynDiff,2D,T2w only,20,0.7175,0.0261,0.7263,30,14.6807,0.4825,14.6693,30,0.1235,0.011,0.1241,30,0.1935,0.0178,0.1876,30
SynDiff-2.5D-T2,SynDiff,2.5D,T2w only,20,0.7178,0.0261,0.7262,30,14.5954,0.4944,14.6265,30,0.125,0.011,0.1251,30,0.1915,0.0174,0.1857,30
SynDiff-3D-T2,SynDiff,Full-3D,T2w only,20,0.6871,0.0249,0.6978,30,14.052,0.4895,14.1361,30,0.1393,0.0113,0.1382,30,0.2209,0.0149,0.2144,30
SynDiff-3D+3D-refine-T2,SynDiff,2D + 3D-refine,T2w only,20,0.6968,0.0279,0.7068,30,14.8832,0.4177,14.9463,30,0.1223,0.0097,0.122,30,0.2117,0.0137,0.2082,30
SynDiff-ResViT->SynDiff-cascade-T2,SynDiff,ResViT->SynDiff-cascade,T2w only,20,0.7176,0.0268,0.728,30,15.2434,0.5315,15.2935,30,0.1156,0.0111,0.1152,30,0.1869,0.0199,0.1802,30
SynDiff-ResViT+SynDiff-joint-T2,SynDiff,ResViT+SynDiff-joint,T2w only,20,0.7084,0.0272,0.7189,30,15.1547,0.5245,15.1963,30,0.1176,0.011,0.1173,30,0.1717,0.0169,0.1671,30
SynDiff-2D-T2+FLAIR,SynDiff,2D,T2w + FLAIR,20,0.7064,0.0266,0.7064,20,14.315,0.4776,14.315,20,0.129,0.011,0.129,20,0.2058,0.018,0.2058,20
SynDiff-2.5D-T2+FLAIR,SynDiff,2.5D,T2w + FLAIR,20,0.7076,0.0273,0.7076,20,14.4194,0.5036,14.4194,20,0.1279,0.0111,0.1279,20,0.1959,0.0172,0.1959,20
SynDiff-3D-T2+FLAIR,SynDiff,Full-3D,T2w + FLAIR,20,0.6991,0.0244,0.6991,20,14.2833,0.5572,14.2833,20,0.1315,0.0124,0.1315,20,0.2287,0.0189,0.2287,20
SynDiff-3D+3D-refine-T2+FLAIR,SynDiff,2D + 3D-refine,T2w + FLAIR,20,0.6837,0.0274,0.6837,20,14.0252,0.442,14.0252,20,0.1372,0.0099,0.1372,20,0.2368,0.0192,0.2368,20
