method,family,backbone,architecture,target,channel,n,ssim_mean,ssim_sd,ssim_ci95,ssim_median,ssim_min,ssim_max,psnr_mean,psnr_sd,psnr_ci95,psnr_median,psnr_min,psnr_max,mae_mean,mae_sd,mae_ci95,mae_median,mae_min,mae_max,lpips_mean,lpips_sd,lpips_ci95,lpips_median,lpips_min,lpips_max,ssim_gauss_mean,ssim_gauss_sd,ssim_gauss_ci95,ssim_gauss_median,ssim_gauss_min,ssim_gauss_max
pix2pix-2D+3D-post-T2,pix2pix,GAN,2D+3D-post,t2,t2,30,0.8138262320340097,0.0394801999290453,0.0141278081029552,0.8164236724081412,0.728603191839308,0.9219736008623196,14.961754186515428,1.1672095658090442,0.4176805789058904,15.276688107055008,12.561435023996914,16.67382091383883,0.1191450973351796,0.023128644896223,0.0082764792823362,0.11313072219491,0.0904472768306732,0.1752716451883316,0.2446324750940813,0.0385244184006763,0.0137857860755741,0.2424126771739513,0.1526029421223534,0.3229494734722025,0.816638343571384,0.0384693347225131,0.0137660746344949,0.8194311350588157,0.7339041174879006,0.9218347913964984
CUT-2D+3D-post-T2,CUT,GAN,2D+3D-post,t2,t2,30,0.8127951586505492,0.0385658719234947,0.0138006200282041,0.8144751341324747,0.7393150060901116,0.9204131186275434,14.899322974475773,1.1344024918289564,0.4059407182556623,15.082629352737104,12.17739530092418,16.36693284385104,0.1198592916131019,0.0232150907145537,0.0083074135211413,0.112488642334938,0.0912847816944122,0.1842620074748993,0.2558857492888043,0.0362480834656107,0.0129712100805574,0.2542389179377841,0.1623202320602205,0.3227914887316087,0.8156274053094409,0.0373933593257492,0.0133810417836912,0.8169743929906041,0.7451315877336482,0.9197315059661508
SwinPix2Pix-2D+3D-post-T2,SwinPix2Pix,GAN,2D+3D-post,t2,t2,30,0.8127929231071979,0.0381130132194257,0.0136385666221844,0.8147309323184964,0.7379342027532353,0.9204994206742234,14.88218754477467,1.2160482593005482,0.4351572809207504,15.100008070275894,12.146795226554143,16.602364409017497,0.1196768666307131,0.0234274339618189,0.0083833995762958,0.1123174540698528,0.0884700268507003,0.1774720698595047,0.2346151440597007,0.0339224199365712,0.0121389820748897,0.2321123087263487,0.1394841611385345,0.2933504344785915,0.8156024012744602,0.0371571341150629,0.0132965096776822,0.8174310653440431,0.7436224455754704,0.9200892964387924
pix2pix-2D+3D-post-T2+FLAIR,pix2pix,GAN,2D+3D-post,t2_flair,t2,20,0.8084405205287466,0.0263248244684577,0.0115373630134153,0.8100335229401674,0.7661279943277172,0.8562399709484703,14.759323056306885,1.2557913628473334,0.5503748311652132,14.99157262691515,12.438195020591316,16.264271096433976,0.1209829859435558,0.0242700155735445,0.0106368033089351,0.1165132485330104,0.0955567061901092,0.1751787662506103,0.2487438162026805,0.0322119302956742,0.014117500902212,0.2472731174294815,0.1906198885619313,0.3163638710975647,0.8111204375931269,0.0256381359992354,0.0112364085224922,0.8108370671342637,0.769557352414096,0.8593836009599033
SwinPix2Pix-2D+3D-post-T2+FLAIR,SwinPix2Pix,GAN,2D+3D-post,t2_flair,t2,20,0.8067617410775973,0.0252857962321951,0.0110819888111176,0.8097597973467467,0.7686964896015347,0.8493885772437519,14.611299755777566,1.3143479947204584,0.576038406607954,14.879926182976376,12.068528542552324,16.197830245842603,0.1220259092748165,0.0263958949429914,0.0115685110222164,0.1172651387751102,0.0963201597332954,0.1844812780618667,0.2428708756328596,0.027541499757171,0.0120705944692283,0.246177562798964,0.201635484327818,0.304015667999492,0.8092194667285435,0.0246365148281223,0.0107974286893351,0.8094291471033783,0.7690209676821173,0.8527438334261483
CycleGAN-2D+3D-post-T2+FLAIR,CycleGAN,GAN,2D+3D-post,t2_flair,t2,20,0.8066507830946673,0.0253686093961537,0.0111182832804701,0.8097025661998094,0.7682776697720485,0.8507317651833073,14.548455231389934,1.1423410737858046,0.5006530497171318,15.017462778118674,12.327796222477412,15.88990137455198,0.1241040516644716,0.0250270554069082,0.0109685906446341,0.1200990118086338,0.0972042083740234,0.180657610297203,0.2687454495931259,0.024423982948376,0.0107042824861574,0.271654539273169,0.2299072661201705,0.31209305587203,0.8093273580845679,0.0245262958335964,0.0107491230851575,0.8101676373521712,0.7734412882515359,0.8510945910564236
CycleGAN-2D+3D-post-T2,CycleGAN,GAN,2D+3D-post,t2,t2,30,0.8063278119120333,0.0384020080924816,0.0137419821093554,0.8061676282060857,0.7354141852080227,0.9168170366050132,14.68072492603425,1.1337115846659314,0.4056934803026196,15.014595789315116,11.937405346514389,16.55887472523819,0.1239606820046901,0.0246818040523146,0.0088322701483917,0.1173464804887771,0.0898814126849174,0.1902647912502288,0.2620073909914017,0.0337379681120266,0.0120729768371733,0.2676826957417896,0.1585007970531781,0.3213411652764609,0.8079750224540696,0.0373482861441905,0.0133649125528161,0.8057215252331991,0.7398748590166387,0.9147371551976228
CUT-2D+3D-post-T2+FLAIR,CUT,GAN,2D+3D-post,t2_flair,t2,20,0.8057983313066058,0.0270862669660328,0.0118710799017802,0.8070696467267452,0.7599319584510192,0.8504129367020403,14.640311805222067,1.2137585230651375,0.5319531269053053,14.938829884402129,12.13522219598384,16.14049920083354,0.1235958598554134,0.0262581732801151,0.011508151842184,0.1184232495725154,0.0934762731194496,0.1857199072837829,0.2524174362551096,0.0281307641320177,0.0123288509682081,0.2479344335194085,0.2087598795296399,0.3069101922652301,0.8085331880455678,0.0261419884877369,0.0114572316118169,0.8077669860452165,0.7671424493352328,0.8531306337482489
CycleGAN-2.5D-T2,CycleGAN,GAN,2.5D,t2,t2,30,0.8029384359498053,0.0436298493849343,0.0156127410899385,0.8072925000997891,0.7103381115504539,0.9189826617702916,14.80537601475722,0.9968845699601117,0.3567305619147135,14.978625461772475,12.430836322239662,16.45617382548114,0.1215289816260337,0.0215148994228512,0.0076990078810823,0.1187358498573303,0.0903738588094711,0.1716508716344833,0.2722098312784514,0.0327096694263401,0.0117050048783178,0.2714882294248886,0.1947027802467346,0.3339871519804001,0.8063004178696735,0.0423813358328628,0.0151659662532025,0.8097163896991999,0.7175813936313368,0.9190632947064452
SwinPix2Pix-2.5D-T2,SwinPix2Pix,GAN,2.5D,t2,t2,30,0.8019756781763501,0.0439317666044715,0.0157207807794098,0.8030342723234271,0.7077759414340462,0.9176002104982816,15.011230370753715,1.142716553944407,0.4089158671742148,15.193279799402925,12.654030704979748,16.756661838441993,0.1176972801486651,0.0220475467864311,0.0078896132922181,0.1142575107514858,0.0870223939418792,0.1739172637462616,0.2335162817721487,0.0371237711430021,0.0132845708914586,0.2311151699019493,0.142566663523515,0.3211954595411525,0.805140843853653,0.0430716063015686,0.0154129763681092,0.8050772145883263,0.7141398726730032,0.917491959787228
pix2pix-2.5D-T2,pix2pix,GAN,2.5D,t2,t2,30,0.8011731500799975,0.0473905590132723,0.016958493747108,0.8053015051482564,0.6933464496440477,0.9176607412604092,15.09675574203615,1.0011828950896065,0.3582686978082183,15.153601718447256,13.001494652108272,16.71325801522054,0.1163852920134862,0.0207473159153804,0.007424331650566,0.1107972711324691,0.0897679179906845,0.1653691679239273,0.2558951393893073,0.0426391152273225,0.0152582114248168,0.2544281336548304,0.1683553212218814,0.364649507929297,0.8047337724335047,0.0462422250531426,0.0165475677169466,0.8081677017193943,0.7017392108811175,0.9179709720347916
CUT-2D-T2,CUT,GAN,2D,t2,t2,30,0.7996674218065227,0.046776629324897,0.0167388018295984,0.8023719038995807,0.6998081265094379,0.9177530796500304,14.893525367935768,1.025801341048148,0.3670782955539322,15.034285172894467,12.826168668917642,16.396653440964293,0.119673832009236,0.0211310828123245,0.0075616608709356,0.1138142123818397,0.0929257497191429,0.1785653531551361,0.2572733312561249,0.0386108812542237,0.0138167264103532,0.2567332338365268,0.1696642311082946,0.3502579454113455,0.8034771239432806,0.0456766521279984,0.0163451800449231,0.8057702172667844,0.7034698174492616,0.918237638947592
pix2pix-2D-T2,pix2pix,GAN,2D,t2,t2,30,0.7994353031397041,0.0492314595178645,0.0176172515323333,0.8025241203949104,0.6822531575144538,0.9189515413612436,15.005824941724184,0.9943129927231288,0.3558103348188194,15.064358415234654,12.818026381475898,16.67399316835582,0.1176636685927709,0.0203364232404116,0.0072772955951938,0.1122122444212436,0.0918933451175689,0.1652017831802368,0.2490309214091968,0.0424133289376917,0.0151774148387327,0.2470783246092299,0.1581671332319577,0.3548325159970452,0.8032250419002274,0.0481216998631986,0.0172201291401038,0.8068534505392697,0.6906988949114682,0.9196431336911044
CUT-2.5D-T2,CUT,GAN,2.5D,t2,t2,30,0.7972684282940112,0.0474181694910726,0.0169683740296976,0.8003750804898662,0.6942391895206311,0.9175176149604812,14.925170200750406,0.9759330938465806,0.3492331724755112,15.069985263208109,12.846394807256477,16.242320086473118,0.1196637208263079,0.0209470152459195,0.0074957931382285,0.112299907952547,0.0939318984746933,0.1741288006305694,0.2774927853503922,0.0398121851723169,0.0142466074965344,0.2731475855414726,0.195410434073872,0.371834867140826,0.8007132364389189,0.0460596030451287,0.0164822172706664,0.8032104414055747,0.699879350327646,0.9171576559579554
CycleGAN-2D-T2+FLAIR,CycleGAN,GAN,2D,t2_flair,t2,20,0.7968089964027928,0.0297199646592499,0.0130253488083269,0.800976964699769,0.7396786058578916,0.8453642379769545,14.513561711793631,1.0564652911927916,0.4630163285673336,14.976317693777798,12.401765499955498,15.860098351613354,0.1247355300933122,0.0234742280735902,0.0102880340596088,0.1210005991160869,0.0965888053178787,0.1804845929145813,0.2688322203227171,0.0249978772292021,0.0109558027444272,0.2684830652097787,0.2278813178558926,0.3223106992595336,0.8003342146968965,0.0290091389509669,0.0127138157059674,0.802394457406151,0.7406487979736508,0.8466857293761587
CycleGAN-2.5D-T2+FLAIR,CycleGAN,GAN,2.5D,t2_flair,t2,20,0.7966508029576872,0.0303038746519221,0.0132812586458527,0.8016034229144384,0.7372812207962556,0.8435586245331652,14.55407688644792,1.0674473349363478,0.4678294214504573,15.001001706935464,12.492768280856716,16.021359668186847,0.1243173621594905,0.0237318354508347,0.0104009354705855,0.1206991598010063,0.0934246927499771,0.1746871024370193,0.276661632563664,0.025154210492909,0.0110243188181667,0.2782699037746901,0.2370487509274875,0.3312874515266979,0.7999474922929869,0.0294708109423894,0.0129161523773685,0.8033461252200337,0.7382362250290061,0.8442119626626643
pix2pix-2D-T2+FLAIR,pix2pix,GAN,2D,t2_flair,t2,20,0.7923726724422291,0.0360547942422109,0.0158017102847089,0.79845632921471,0.7127698413239822,0.8481989570672467,14.94592368071055,1.035471169942174,0.4538152492474598,15.197047095067507,12.865239483832717,16.302686424174148,0.117746002972126,0.0217898637731866,0.0095498288569918,0.1116116046905517,0.0933044105768203,0.1644114851951599,0.2543778889150348,0.0363389128379239,0.0159262307494714,0.2493403243459289,0.1961889479022759,0.3437963680309407,0.7961335398359874,0.035411084031572,0.0155195918461042,0.801169698289689,0.7144172532953116,0.8496864252761048
pix2pix-2.5D-T2+FLAIR,pix2pix,GAN,2.5D,t2_flair,t2,20,0.7917371225412031,0.0367986792524045,0.0161277322649551,0.7986017960123897,0.6997050838197715,0.8422433900752527,15.010034289065718,1.1682562559005136,0.5120108790532559,15.326002980004674,12.786928298049029,16.520693800539842,0.1181706305593252,0.024376918361962,0.0106836555217047,0.1129201240837574,0.0947501361370086,0.1799692064523697,0.2677405597429636,0.0378279732092589,0.0165788402312009,0.2613068725126979,0.2155073712078424,0.3661264654468087,0.7952251359893484,0.0360386541670915,0.0157946365849036,0.8013902744365384,0.7024212070876533,0.8444620847947597
CycleGAN-3D-T2,CycleGAN,GAN,3D,t2,t2,30,0.7900887933292855,0.0420293123499652,0.0150399962676642,0.7890265746634442,0.7225515108452257,0.9038986161533756,14.25258651787589,0.9652361590633468,0.3454053235239112,14.405884993812975,12.169658787293336,15.951429447493329,0.1314885889490445,0.023903683570218,0.008553823309931,0.1288302764296531,0.0985660329461097,0.1880605220794677,0.2080255194872612,0.0317443377947734,0.0113595653903973,0.2054579953002717,0.1273248150116867,0.2641322814366397,0.7907162139705138,0.0411825583368771,0.0147369892355616,0.7887089022455248,0.7250182697085311,0.9007558839143268
CUT-2.5D-T2+FLAIR,CUT,GAN,2.5D,t2_flair,t2,20,0.7896825015284364,0.0355243938700048,0.0155692520723502,0.7972163999737742,0.7099634837663641,0.8445707095071734,14.796747533640184,0.9396294865497882,0.4118107794953559,14.989956354570154,12.742268900400903,16.046076978711792,0.1203895397484302,0.0218708065360737,0.0095853035869318,0.1130299121141433,0.094512827694416,0.1684633493423462,0.2763746071290965,0.0345362666783985,0.0151361862364641,0.2736785774285837,0.2173746038678583,0.3554917784298168,0.7930084467157955,0.0348349861334005,0.015267105809951,0.7993830419132868,0.7116971470519228,0.84619834841805
SwinPix2Pix-2.5D-T2+FLAIR,SwinPix2Pix,GAN,2.5D,t2_flair,t2,20,0.7883777264394755,0.0348099282174106,0.0152561236940595,0.7927364957705407,0.6998929300631391,0.8378412201846084,14.511980260222462,1.321789389118354,0.5792997414972858,14.836195576735207,12.061386210200524,16.38937407165381,0.1250476829707622,0.027440437458322,0.0120263019638713,0.1204092726111412,0.0939690545201301,0.1930237859487533,0.2475967529184564,0.0332554277712179,0.0145748338349864,0.2462339236504501,0.1972468014356199,0.3334318732514101,0.7916068745583262,0.0344593291130922,0.0151024668617587,0.7954460106861411,0.7013932232162315,0.8432463342322771
CycleGAN-3D-T2+FLAIR,CycleGAN,GAN,3D,t2_flair,t2,20,0.7875089519909348,0.0281212594406871,0.0123246853535677,0.7901927461269886,0.7444612723359932,0.8329010001673505,14.253924525775622,1.0253491536909922,0.4493790800316878,14.515096160058723,12.287571025820409,15.558380507737084,0.1304664801806211,0.0253348128017284,0.0111034712698917,0.1266346201300621,0.1035472974181175,0.1863282024860382,0.2303256710619954,0.0254258354792093,0.0111433637171826,0.2307416462631256,0.1910975039066685,0.279592017917072,0.7890410787435609,0.0270904946406764,0.0118729327618866,0.7896279314044726,0.749681542844417,0.8334673179735139
CUT-2D-T2+FLAIR,CUT,GAN,2D,t2_flair,t2,20,0.7873010059614429,0.0366094834748212,0.0160448135594876,0.7962480959472161,0.7033314383271072,0.8384225060109118,14.49688706710286,1.1063764587661629,0.4848908622193,14.743370874150084,12.395909503437682,16.16016096070481,0.1272901207208633,0.0242742380253398,0.0106386538800273,0.1249700263142585,0.0985014736652374,0.1843235492706298,0.2451649243904844,0.0333643878609259,0.014622587699801,0.2396134082307507,0.1947196283387941,0.3202864580294665,0.7909473153511895,0.0357206044266449,0.0156552451402901,0.7983265011870124,0.7059085835315165,0.842230314794057
SwinPix2Pix-2D-T2+FLAIR,SwinPix2Pix,GAN,2D,t2_flair,t2,20,0.787216237161523,0.0278506391417587,0.0122060807782066,0.7893917725718033,0.7301781171244347,0.8346202624850354,14.606403216215408,1.1932557325819682,0.5229673827885399,14.925568228765766,12.259518621984276,16.1815320241634,0.1218903623521328,0.0251776956703696,0.0110346116510067,0.1169036105275154,0.0967753082513809,0.182277500629425,0.2449791521613747,0.0266992491946913,0.0117014618849171,0.2494474488827917,0.2022979926972926,0.3037126826889375,0.7922040136155581,0.0277972056055952,0.0121826624984552,0.7953698314694817,0.7318495382913482,0.8412598019035509
SwinPix2Pix-3D-T2,SwinPix2Pix,GAN,3D,t2,t2,30,0.7853026542123428,0.0432095708190546,0.0154623463366392,0.7863352850933554,0.7032236066859392,0.9054742561946258,14.245009181270865,0.9585412866259672,0.3430095941902439,14.406653031922144,12.362359939917477,15.619773474401155,0.1306783561905225,0.0213000341080009,0.0076221193156332,0.1268146336078643,0.1033418700098991,0.1838357001543045,0.2413217389986492,0.0367510289417766,0.013151186807785,0.2397963957479206,0.1377572485142284,0.312177663340288,0.7864671220048632,0.0419654756390073,0.0150171525940263,0.7863761287597603,0.7077553986155878,0.9030430571866004
SwinPix2Pix-2D-T2,SwinPix2Pix,GAN,2D,t2,t2,30,0.78451274154942,0.0379593983591682,0.0135835962504187,0.7807189886949331,0.70074837387846,0.8889518821774038,14.919530790689445,1.1292333885371073,0.4040909783986492,15.086977532439503,12.389221341971508,16.633245458156157,0.1188844243685404,0.0222114517856642,0.0079482659429252,0.1132452003657817,0.088609904050827,0.1708763390779495,0.2501968484076407,0.029597542174299,0.010591344443775,0.2490596540091593,0.1807761251926422,0.3167107692536186,0.7923887104601468,0.0381629092669149,0.013656421693468,0.7889568543707457,0.709561206418256,0.8956548911999362
CUT-3D-T2,CUT,GAN,3D,t2,t2,30,0.7831710339824449,0.0438248639543548,0.0156825261573648,0.7861640718711085,0.7080344370255292,0.9028397441545162,14.265253464971313,1.0538350559556884,0.3771100315972777,14.374943204397743,11.875000856799057,15.935198517527889,0.1316232375800609,0.0248397925879802,0.0088888056198017,0.1260775923728943,0.0988216325640678,0.1964704841375351,0.2022551510791726,0.0314881169993899,0.0112678779562994,0.2005839958957619,0.122366080350346,0.2664271753143381,0.783761521356748,0.0428406684595122,0.0153303363226649,0.7865838255863774,0.710080563625152,0.9004813479182411
SwinPix2Pix-3D-T2+FLAIR,SwinPix2Pix,GAN,3D,t2_flair,t2,20,0.7829462541880573,0.0277656711563221,0.0121688419167025,0.7869867607429895,0.7376886333105023,0.8291998767634098,14.063561303448257,0.9468246313482394,0.4149641907393049,14.273800723085373,12.330346747549006,15.480508017832287,0.1311339199542999,0.0230155366912476,0.0100870036977329,0.1290878690779209,0.1005887910723686,0.1770654320716858,0.253871407738471,0.027948000729085,0.0122487513752277,0.2545866611655111,0.2149157786557266,0.3143866877345478,0.7844312832309654,0.0267739853835583,0.0117342164638595,0.7859963872586923,0.7368258450334203,0.8280162409319314
pix2pix-3D-T2,pix2pix,GAN,3D,t2,t2,30,0.7819806636640235,0.0434305143161329,0.0155414099516647,0.7832298754931036,0.6874749050746433,0.9066691705832955,14.099068211371751,0.9501440491175652,0.3400046813395781,14.198979085869263,11.981976625504762,15.571185844407632,0.1337721285720666,0.0204152574626148,0.0073055060593058,0.128521017730236,0.109213188290596,0.1799384802579879,0.2457699673348378,0.0380729762376592,0.0136242395722597,0.2449855260168894,0.147690212726593,0.3111461330862606,0.7835968067078226,0.0422825393987524,0.0151306124033011,0.7822686998383415,0.6918298703205683,0.9048176266918472
pix2pix-3D-T2+FLAIR,pix2pix,GAN,3D,t2_flair,t2,20,0.7803816634628585,0.0332711724697373,0.0145817342533566,0.7852858988137987,0.7017252039852093,0.8312685719804929,14.128557544452102,0.9797687291996948,0.4294025782209437,14.341925116737404,12.499513523012885,15.626977126655998,0.13199954777956,0.0232269429015571,0.010179656554528,0.1293759047985077,0.1001441180706024,0.1811858415603637,0.2596624443365855,0.0269653855949624,0.0118181013050465,0.2596009635938242,0.2182793861643953,0.3185562473886153,0.7821693202327289,0.0325847829371825,0.0142809107772046,0.7857179791298285,0.7009531852989327,0.8309885896473149
CycleGAN-2D-T2,CycleGAN,GAN,2D,t2,t2,30,0.775963699132196,0.0519609206347469,0.0185939766490525,0.7746754947971652,0.6716826539364184,0.8980280304520025,13.227955858169649,1.8609340556813287,0.6659266994131425,12.884649751889423,10.076012416790888,16.31034028607591,0.1633057092626889,0.0465038660601511,0.0166411947488645,0.1653493121266365,0.09202641248703,0.2594956457614898,0.2665619875103823,0.0392116973069944,0.0140317256736288,0.2702616494216029,0.1637789203060997,0.3546091578034467,0.7765952606704355,0.0523245799767909,0.0187241104733107,0.7748809142969706,0.6711669500800123,0.8945983610866445
CUT-3D-T2+FLAIR,CUT,GAN,3D,t2_flair,t2,20,0.7728941626827089,0.0333723837472515,0.0146260920514924,0.779185737282482,0.7115629845254903,0.8229614048646501,14.013405306776466,1.061638685689588,0.4652836686741086,14.300530633256432,11.913411304595574,15.385867691406894,0.1348244193941354,0.0269307902749005,0.0118029392375237,0.129563994705677,0.1067431345582008,0.193557471036911,0.2174645700470668,0.0299812641524928,0.0131398683604849,0.212927608583514,0.1740707356608316,0.278009930077721,0.7735040984789353,0.0322113574171156,0.0141172498271136,0.7782871431788043,0.7160081016784446,0.8228531119265503
ResViT-2D+3D-refine-T2,ResViT,ResViT,2D+3D-refine,t2,t2,30,0.7307141683475452,0.0564346910278239,0.0201948948238254,0.7242041571120541,0.6022291345103028,0.8206992650368576,15.162804906120146,0.8469345902301483,0.3030716508029585,15.361056636249824,12.780686146566229,16.209848622844326,0.1170358205835024,0.0178366315224685,0.0063827566173789,0.1171404831111431,0.0864208936691284,0.1665546596050262,0.189516024665893,0.0398405423115026,0.0142567549684693,0.1928431027650856,0.1079628253148661,0.2692001824793608,0.7180540632397192,0.0635904199693274,0.022755539539506,0.7105440898668387,0.5780082470089826,0.8359195331629231
ResViT-2D+3D-refine-T2+FLAIR,ResViT,ResViT,2D+3D-refine,t2_flair,t2,20,0.7296722722435484,0.0564673515573191,0.0247479079719426,0.7266787650788111,0.6148605342868532,0.8189929595972155,15.356608433027688,0.9823366573755542,0.4305280223656052,15.600793057395675,13.307605138453711,16.670983834587457,0.1133898306638002,0.0201154330965682,0.008815977256952,0.1151059605181217,0.0776410773396492,0.1593709886074066,0.2295709413922984,0.0455553918408706,0.0199655307679739,0.2268328731320459,0.1476643408089876,0.3276795308981369,0.7188063956659027,0.0637652746279991,0.0279463637797411,0.7197501825908119,0.5924295387353075,0.8346996219501926
ResViT-2.5D-T2+FLAIR,ResViT,ResViT,2.5D,t2_flair,t2,20,0.7290507166131313,0.0566359911125005,0.0248218175157225,0.7289916441016102,0.6107622963628184,0.812409563755979,15.38805403054025,1.0602337947698317,0.4646679480809892,15.744204982647943,13.284906006371097,16.754150557974427,0.1131421148777008,0.0214250686806574,0.0093899503585401,0.1098876222968101,0.0842625126242637,0.1566745340824127,0.2050703470258882,0.042098551284723,0.0184505035956727,0.2046410318371102,0.1295570460706949,0.3028166474246267,0.7175501165766324,0.0634386257822213,0.0278032036110506,0.7175543117560794,0.588353928790436,0.8289640706602254
SynDiff-ResViT->SynDiff-cascade-T2,SynDiff,SynDiff,ResViT->SynDiff cascade,t2,t2,30,0.7279616396488316,0.0566683655259834,0.0202785141690791,0.7273134041700576,0.5870437996834136,0.8169904380549687,15.29353611563259,0.9786352813045656,0.3502001378387372,15.433783087011186,12.84547197487498,16.80597723253492,0.1152301880220572,0.0207879861361129,0.0074388853021444,0.1138622090220451,0.0864985287189483,0.1665549725294113,0.1801703968102657,0.0446887960176131,0.0159916802757745,0.171804149593744,0.0968152047031455,0.2954197621612406,,,,,,
SynDiff-2D-T2,SynDiff,SynDiff,2D,t2,t2,30,0.7263469218132582,0.0555309033118632,0.0198714785432632,0.7210655719940099,0.5929736542716112,0.8099953096645373,14.66929180616923,0.9193270324349652,0.3289769535474238,14.893594236836634,12.395290186424482,16.16290847347114,0.1241404376924038,0.0208257454763247,0.0074523973085062,0.1209556385874748,0.0866279006004333,0.1800818443298339,0.187595822059723,0.0396201513896542,0.0141778890899503,0.1826647678518796,0.115020973359545,0.2841095755071337,,,,,,
SynDiff-2.5D-T2,SynDiff,SynDiff,2.5D,t2,t2,30,0.7262477833896621,0.0557803617671797,0.0199607461050462,0.720630210054467,0.594406732649831,0.8109883691407033,14.626533139216692,0.9262666273175578,0.3314602556834241,14.888075614732294,12.47051466693948,16.115286158822077,0.1251054855684439,0.0208286440170342,0.0074534345379781,0.1224201433360576,0.0892493054270744,0.1742414981126785,0.1857300764535434,0.0397133891644488,0.0142112537991619,0.1841663074385152,0.1094481193357043,0.2841278454149837,,,,,,
ResViT-2.5D-T2,ResViT,ResViT,2.5D,t2,t2,30,0.7229053623114197,0.0571950197278881,0.0204669749548526,0.7225028184916331,0.584373148722047,0.8126665125523438,15.40746933771084,0.9697797870347556,0.3470312399120411,15.550869312755507,13.025652784559387,16.87374180112013,0.1142426853378613,0.0199473230630442,0.0071380578849352,0.1121809929609298,0.0868455991148948,0.1627395898103714,0.1726203656489028,0.0403844563456007,0.0144513921058712,0.1670083017392748,0.0925899201383193,0.2792163232980824,0.7087742081513517,0.0643388083949987,0.0230233468982164,0.7074937909855685,0.5569602680784406,0.8300387081602227
ResViT-2D-T2,ResViT,ResViT,2D,t2,t2,30,0.7197601249999205,0.0564266287136287,0.0201920097617431,0.7144443431120358,0.6014348852282263,0.8099991714171366,15.23221214672147,0.799502239114705,0.2860982019441552,15.250603192097673,13.068676340998524,16.32535745322189,0.1175737539927164,0.0183762738190098,0.006575865133128,0.1183938756585121,0.0832211226224899,0.1656479388475418,0.1830522452664315,0.0346642830048198,0.0124044543644354,0.1859689570705658,0.1091246732821067,0.2562417068532598,0.7062875997086785,0.0638785363500499,0.0228586406622329,0.7004807916261736,0.5759146941447142,0.8244627992082979
SynDiff-ResViT+SynDiff-joint-T2,SynDiff,SynDiff,ResViT+SynDiff joint,t2,t2,30,0.7189347567768422,0.0574495583432102,0.0205580604285464,0.7190359522744723,0.5820553988778169,0.8071234059897536,15.196329345559024,0.963011914876042,0.3446093879635839,15.321692934123227,12.77686217972401,16.555539282388626,0.1172803995509942,0.0205749387613632,0.0073626472782055,0.115978755056858,0.0892292335629463,0.1689697057008743,0.1671358723852102,0.0362087784181937,0.0129571449499759,0.1659547813158594,0.0950866459144486,0.2610778664586259,,,,,,
ResViT-2D-T2+FLAIR,ResViT,ResViT,2D,t2_flair,t2,20,0.713752986917946,0.0605350233317094,0.0265306437290906,0.7179931315999956,0.5871642097382668,0.8145391985906039,15.303423035228,0.9087227681343965,0.3982653129210569,15.471861990892677,13.100341265143015,16.414406913869627,0.113730676844716,0.0205775921935959,0.0090185274117973,0.1136731877923011,0.0813141912221908,0.1627214699983596,0.2093472717288136,0.0405865518789553,0.0177878406388385,0.2137258985578666,0.1380319149419665,0.2946599400532779,0.7017182649702338,0.0680859586084998,0.0298399870253211,0.7046529464405278,0.5617674332851121,0.8298300054733465
ResViT-3D-T2,ResViT,ResViT,3D,t2,t2,30,0.7080702007492069,0.0546436431919755,0.0195539765869989,0.7093093230687086,0.5762797803447369,0.7990320961491455,14.753239322402084,1.1859252334148398,0.4243778945458462,14.778200736324212,12.318353437108703,16.675924917754386,0.1250641686220963,0.0246968452232517,0.0088376525622859,0.1200295984745025,0.0878393650054931,0.1775498539209365,0.1655223016429766,0.0345198332066867,0.0123527636680305,0.1551757440798712,0.1090675767097208,0.2674851169559493,0.6874904762576962,0.0634285771990253,0.0226976248479445,0.686675694575271,0.5434105128142819,0.7978794246060884
SynDiff-2.5D-T2+FLAIR,SynDiff,SynDiff,2.5D,t2_flair,t2,20,0.7075978223456472,0.0583109630581851,0.0255559063373898,0.704102365011087,0.5872815139676459,0.8011917174790494,14.419401881110169,1.0760959268869337,0.471619833994646,14.82112997201877,12.366098732343191,15.952358500007016,0.1279336202889681,0.0237855104508795,0.0104244595765488,0.120770413428545,0.0888998731970787,0.1761682331562042,0.1958951733132696,0.0367732114933611,0.0161165705274258,0.1994646911057252,0.1353491037256187,0.2816985683765874,,,,,,
SynDiff-3D+3D-refine-T2,SynDiff,SynDiff,3D+3D-refine,t2,t2,30,0.7068451612993459,0.0596388804006825,0.0213414992652069,0.7065428792862274,0.5759847551116271,0.8050060789738663,14.94632271283085,0.7571746583939661,0.2709514717107805,15.05451789113182,13.18128178976866,16.502049849810906,0.1219647628565629,0.017347500627086,0.0062077233743961,0.1208084188401699,0.0810521394014358,0.1635417193174362,0.208157383009672,0.0303285081718656,0.0108529172666575,0.2061975925288935,0.1310828019347455,0.2931256663443437,,,,,,
SynDiff-2D-T2+FLAIR,SynDiff,SynDiff,2D,t2_flair,t2,20,0.7064429005783311,0.0568518319816204,0.0249164139474347,0.7018189786501164,0.5869728807502538,0.7972879769948773,14.315040759026935,1.020526170746903,0.447265314559096,14.585199171133777,12.44130168050978,16.107980050936966,0.1289601080119609,0.0236087583697365,0.0103469945615032,0.1239085234701633,0.0874928161501884,0.1754103899002075,0.2057838282478946,0.0384559802468347,0.016854076450769,0.2083741673483298,0.1441722799299492,0.2840957083086024,,,,,,
ResViT-3D-T2+FLAIR,ResViT,ResViT,3D,t2_flair,t2,20,0.7006552607213625,0.0538417133584907,0.0235971712945501,0.7076749188933917,0.5789150050366862,0.7879232606608605,14.812716210194187,1.1898169007653363,0.5214602482943251,14.896433394790831,12.375723461864066,16.617702489407794,0.1238417908549308,0.0253040081914666,0.0110899705541888,0.1208840012550354,0.0888785347342491,0.1791264563798904,0.1666895222823874,0.0341334359806604,0.0149596378990452,0.1577465936067972,0.1211943912506103,0.2643417730482656,0.6800594573986094,0.0618193981145528,0.0270935457964034,0.6842263053572077,0.5443912887158079,0.7981857779360831
SynDiff-2D-untuned-T2,SynDiff,SynDiff,"2D (full SynDiff, untuned)",t2,t2,4,0.7001307187902865,0.0559102288170758,0.0547920242407343,0.6858426600012868,0.6548835024718417,0.7739540526867307,13.92715886532492,0.3173969925084828,0.3110490526583131,13.987745436769591,13.488005548843889,14.24513903891661,0.134720578789711,0.0063348238736366,0.0062081273961638,0.1368691250681877,0.1254516094923019,0.1396924555301666,0.2024522317102516,0.0256055555499841,0.0250934444389844,0.1977312813441341,0.1789826150292281,0.2353637491235102,0.6748120047473687,0.0577448508808722,0.0565899538632547,0.6619073892170461,0.6246136604632802,0.7508195800921024
SynDiff-3D-T2+FLAIR,SynDiff,SynDiff,3D,t2_flair,t2,20,0.699053395766662,0.0521037986184032,0.022835496576955,0.6912434078068399,0.5950406091893836,0.7845616763748824,14.2833342250003,1.1906535226143269,0.5218269139861826,14.491138545589994,11.657870317324004,15.893854949404547,0.1314811170101165,0.0263956342020216,0.0115683967474479,0.1302032396197319,0.0981989726424217,0.1942335218191146,0.2287476619504627,0.0403115568436159,0.0176673187507097,0.2275184061296702,0.1686198918521404,0.3292870852929442,,,,,,
SynDiff-3D-T2,SynDiff,SynDiff,3D,t2,t2,30,0.6978028718553778,0.0538748598387748,0.0192788709972023,0.6977505605423309,0.580486892821838,0.789065854306599,14.136080038907789,0.9540338533129266,0.3413966298942689,14.047994444947085,11.669067386491571,15.640395125713187,0.138225724051396,0.0224548148181824,0.0080353522856729,0.1394614726305008,0.1057875305414199,0.2015323787927627,0.2144135550372353,0.0308272875044037,0.0110314031585346,0.2131679086760539,0.1427567156652609,0.3057095546330978,,,,,,
SynDiff-3D+3D-refine-T2+FLAIR,SynDiff,SynDiff,3D+3D-refine,t2_flair,t2,20,0.6837034391063754,0.0586242696219619,0.0256932189931726,0.6803400038555246,0.5733220594194667,0.7847103876568414,14.025245743968942,0.9443329397065156,0.4138721587288919,14.165448989629349,12.305196103852722,15.684851295421424,0.1371517542749643,0.0210566645526931,0.0092284901305694,0.1304575279355049,0.0979512929916381,0.1783567368984222,0.236781082059824,0.0411052119391369,0.0180151534325874,0.232539557298853,0.1841556346250905,0.3411625776050696,,,,,,
pix2pix-2D+3D-post-T2+FLAIR,pix2pix,GAN,2D+3D-post,t2_flair,flair,20,0.7888043684711734,0.0367327440586321,0.0160988348921798,0.7929129974920287,0.7023622256313373,0.8406112323543184,15.018067286208868,1.2693941774059838,0.5563365275007527,15.316022716617784,12.904593934057685,16.843791180582212,0.1304886698722839,0.0216789993175863,0.0095012403670257,0.1295384764671325,0.1013622283935546,0.1737689077854156,0.249318305368492,0.0443529555053604,0.0194385398085498,0.2518088983612375,0.1755403018816634,0.3451775259831372,0.7937723946176826,0.0371863336372475,0.016297629289987,0.7990366183135227,0.7032038828081318,0.8461738580228612
SwinPix2Pix-2D+3D-post-T2+FLAIR,SwinPix2Pix,GAN,2D+3D-post,t2_flair,flair,20,0.7865382114367431,0.0365428547722005,0.0160156122430584,0.7908126669618114,0.7004653454733761,0.8373454637443509,14.913098672469044,1.2715115364477043,0.5572645010157646,15.216787525585971,12.492518115649924,16.77377662609095,0.1326472055166959,0.0224754173392134,0.0098502859546591,0.1319195851683616,0.0983155965805053,0.1784015893936157,0.2472747974891518,0.0414029026247619,0.0181456221280153,0.2445931397319115,0.1874566891373277,0.3425880565687462,0.7912224264787439,0.036947006338074,0.0161927394764616,0.7964276440883258,0.7050002390963721,0.8429065175440891
CycleGAN-2D+3D-post-T2+FLAIR,CycleGAN,GAN,2D+3D-post,t2_flair,flair,20,0.7865038220327938,0.0374215596976297,0.0164007216563614,0.7890291820503533,0.7006770992911329,0.8383065399884233,14.841485422094497,1.1496208981209637,0.5038435734043557,14.865147527898865,12.744516670063586,16.309363924848178,0.1332149434834718,0.0201802846182403,0.008844399689489,0.1354939118027687,0.1029383093118667,0.1722585558891296,0.272673400253301,0.0368566838890235,0.0161531539178113,0.2676355890907325,0.2111613936051055,0.3568304457046367,0.7914407659758238,0.0377461064434524,0.0165429605391264,0.7940357796907747,0.7039466458377172,0.8438203905067645
CUT-2D+3D-post-T2+FLAIR,CUT,GAN,2D+3D-post,t2_flair,flair,20,0.7859338663619726,0.0370085973938581,0.0162197329468193,0.7902025366624342,0.6989805313420708,0.8374355893612137,14.873732942242723,1.1721411202988368,0.5137134959453477,15.222887708519297,12.647388676293051,16.41389854188357,0.1331730306148529,0.0205338643383125,0.0089993628342402,0.1306989789009094,0.1059955805540084,0.1768749356269836,0.2603066404494699,0.0387655287658033,0.0169897420707957,0.2621759211054628,0.1949971281663254,0.345227696829372,0.7909289035050358,0.0371523639213343,0.0162827414055711,0.796147611280431,0.7004557373615412,0.842590327900266
CycleGAN-2D-T2+FLAIR,CycleGAN,GAN,2D,t2_flair,flair,20,0.7765430025326064,0.0442902272359951,0.0194110479323651,0.7814839930450219,0.6646491958807599,0.8347139316976872,14.98961894414182,1.0756182908782297,0.4714105007841892,14.961728264342192,13.219797926203288,16.479683125382742,0.1354906678199768,0.0211937331278353,0.0092885630822824,0.1383254155516624,0.0997257754206657,0.1737119108438491,0.2726684871268966,0.038452466897863,0.0168525366576917,0.2690108271466719,0.2078608226802972,0.3588523636845981,0.7824826111449339,0.0446781323016948,0.0195810548231264,0.7907715314540398,0.6681289442300886,0.8408891530804367
CycleGAN-2.5D-T2+FLAIR,CycleGAN,GAN,2.5D,t2_flair,flair,20,0.7762590518754744,0.043897371759527,0.0192388714284248,0.7812377436512836,0.6661281066571327,0.8329024953546862,14.979917030585929,1.017896874551318,0.4461129746939392,15.21398691487302,13.337984274025544,16.390934117840985,0.1348509784787893,0.0197187287518114,0.0086421139121102,0.1342118382453918,0.1000216007232666,0.1693467199802398,0.2826299629913417,0.0356995097061466,0.015645999971406,0.2797241134442304,0.2197322310493873,0.3642078770531548,0.7820064659721878,0.0444191678647627,0.0194675586545184,0.7887515809351098,0.6689355568171595,0.838879111893412
pix2pix-2D-T2+FLAIR,pix2pix,GAN,2D,t2_flair,flair,20,0.771992244910856,0.0505748140122229,0.0221653895278249,0.7842303991427301,0.6393488286396923,0.839869964075806,15.408334277053044,1.0242001203825306,0.448875493980806,15.46018606807154,13.442583105178954,16.821398010882078,0.1283087152987718,0.0192598809870954,0.0084410150126374,0.1282777488231659,0.0936622396111488,0.1686011552810669,0.2583193694776661,0.0481784017867046,0.0211151155627043,0.2523400032775359,0.1797333465771632,0.3715373216306462,0.7780787579959295,0.0509923794871478,0.0223483956660747,0.791372921169404,0.6426656057401702,0.8459209421095039
pix2pix-2.5D-T2+FLAIR,pix2pix,GAN,2.5D,t2_flair,flair,20,0.7710854489482045,0.0511548725690645,0.0224196113991744,0.7866987390970246,0.6275103221348143,0.8366362804706045,15.38085249709602,1.1619581462230095,0.5092506107850009,15.585846031103149,13.290186151223676,17.044087559812986,0.1288559541106224,0.0224638511733711,0.0098452168589788,0.1289535388350486,0.0962243899703025,0.176375612616539,0.2690399538100768,0.0481907462882292,0.0211205257790375,0.2654648411284093,0.1948591340836641,0.3829621479791753,0.776790010356605,0.0515630802945694,0.0225985163229156,0.7923347585839648,0.631283665735782,0.8423794577419871
CycleGAN-3D-T2+FLAIR,CycleGAN,GAN,3D,t2_flair,flair,20,0.7692105779878174,0.0373226244142075,0.0163573613566168,0.7733413273862629,0.6837057679554809,0.8157946646322944,14.541027777826203,1.004809473705861,0.4403771683778501,14.91022666848941,12.772066811702755,16.00237816663181,0.1396124023944139,0.0175009225558439,0.0076701174907499,0.1382475271821022,0.1165307536721229,0.1735947281122207,0.2340319250288292,0.0354884247050129,0.0155534878907391,0.2303249985454562,0.1759096916160873,0.3147013088067372,0.7733002150305235,0.0377806432661834,0.0165580969690637,0.7787339570302737,0.6853262445238203,0.8204177316635498
CUT-2.5D-T2+FLAIR,CUT,GAN,2.5D,t2_flair,flair,20,0.7687518008740698,0.0498828605245709,0.0218621275408359,0.7793709437907147,0.6373318685471666,0.8336018462045144,15.155334424833702,1.000908487542114,0.4386674858105309,15.234367844921364,13.239114929575756,16.636440159049634,0.1327380839735269,0.0203141306351562,0.0089030602927879,0.1318446472287178,0.0928922072052955,0.1745514422655105,0.2851480917890253,0.0460157129669878,0.0201672753965514,0.2868756407073566,0.2101403224441382,0.3838441012536778,0.7745405915515493,0.0501946631669057,0.0219987810739855,0.7866444551373029,0.6408295944671366,0.8389095261706294
CUT-2D-T2+FLAIR,CUT,GAN,2D,t2_flair,flair,20,0.7687049380527965,0.0481188513201443,0.0210890164200054,0.7794727967550699,0.6351200347431925,0.8321720729482972,14.844722015633888,1.1889467308185522,0.5210788795003396,15.089059979748876,12.926791829338374,16.626029786901285,0.1393418595194816,0.0241002688556529,0.0105624085297031,0.1354266330599784,0.1046920716762542,0.1816670298576355,0.2542186208410547,0.0425245001646166,0.0186371839231476,0.2557490895370821,0.1840171243424888,0.3475958292975145,0.7750229269199063,0.0485240230489766,0.0212665907595385,0.7848167225066573,0.6388379331290208,0.8384569333982486
SwinPix2Pix-2.5D-T2+FLAIR,SwinPix2Pix,GAN,2.5D,t2_flair,flair,20,0.7674376161676013,0.0486241947110858,0.021310492926134,0.7777607785069061,0.6345950757174015,0.8327524581333537,14.909863352022526,1.2590167220086044,0.5517884071431581,15.22706403471143,12.655791581841177,16.90446117418301,0.1359865222126245,0.0241663910423398,0.0105913878557367,0.1340896263718605,0.0996642112731933,0.1855591088533401,0.2486068114831502,0.0457443578480554,0.0200483487721242,0.2434991427826002,0.1832674053740931,0.364274997921551,0.772820572032595,0.0494249552326223,0.0216614416982653,0.7867051127221316,0.6373465597705957,0.8390341486207917
SwinPix2Pix-2D-T2+FLAIR,SwinPix2Pix,GAN,2D,t2_flair,flair,20,0.7650572394276874,0.0408878795598874,0.0179199033177395,0.7721966323355688,0.6661980994188322,0.8238904368880691,14.99596991210332,1.206503377479146,0.528773419156786,15.13124786517251,12.720018691141684,16.78569292281803,0.1340790897607803,0.0224372551673616,0.0098335606454148,0.1351839825510978,0.0998564064502716,0.1806246042251587,0.2488528441617349,0.0384596649733532,0.0168556913533679,0.2427249461416158,0.190161950500296,0.3437428562729447,0.7724502501966125,0.041733955166382,0.0182907123015039,0.7794489483885572,0.6699367031792379,0.8322126358578963
pix2pix-3D-T2+FLAIR,pix2pix,GAN,3D,t2_flair,flair,20,0.7624095216806308,0.0420723528871737,0.0184390216416997,0.7691002324630075,0.6506182951484497,0.8188153049103316,14.403623398455943,1.00553792798493,0.4406964275420039,14.712793686610397,12.494044031570352,15.856510929516883,0.1408714666962623,0.0188003667979644,0.0082396240397869,0.1396113485097885,0.1151968985795974,0.176725760102272,0.2616184028878958,0.0349142592846648,0.0153018488003345,0.2553194573557412,0.2024807964896296,0.3364806411897434,0.7655819882828383,0.0424859090839114,0.0186202706363103,0.7733529296421695,0.6508054350173724,0.8223484999132873
SwinPix2Pix-3D-T2+FLAIR,SwinPix2Pix,GAN,3D,t2_flair,flair,20,0.7612125517519213,0.0390262828364243,0.0171040225809501,0.766828225441726,0.6694266362568105,0.8152543525263308,14.39663602782023,0.9361608815020946,0.4102905963073025,14.597551338945934,12.465284475645644,15.801802536646845,0.1404413219541311,0.0167910952549046,0.0073590219597016,0.1379953473806381,0.1172828301787376,0.17245914041996,0.2619712619511906,0.0353373729502671,0.0154872865403596,0.2524679045307564,0.1965003812366777,0.343328702099183,0.7641124832414283,0.0390986739649002,0.0171357493918611,0.7692844921127292,0.6695227478944537,0.8184985533518914
CUT-3D-T2+FLAIR,CUT,GAN,3D,t2_flair,flair,20,0.7503496053415292,0.041631589997338,0.0182458487881078,0.7594131801223094,0.6518265642680172,0.8079909091576446,14.336316061079794,1.0922372446923825,0.4786940784310907,14.637619768820224,12.410513314216498,16.036404126155084,0.1442129287868738,0.0197317489410198,0.0086478202616276,0.1421490460634231,0.1197356879711151,0.1806660890579223,0.2185100028095798,0.0305824348856196,0.0134033430510544,0.2107563058735595,0.1699644781246378,0.2914961791700787,0.7528099984592292,0.0423578350185799,0.018564139702328,0.7644405921359908,0.6519814538815244,0.8119469005193986
ResViT-3D-T2+FLAIR,ResViT,ResViT,3D,t2_flair,flair,20,0.7024205888477468,0.060220145206608,0.0263926423061891,0.6847376554490326,0.6179669784479033,0.8306178268690285,15.484743093688415,1.1580476288068369,0.507536750962128,15.40458367667024,13.64743252866338,18.235391161453503,0.124106353893876,0.0177464724934444,0.0077777344958096,0.124476708471775,0.0900536850094795,0.1502920687198639,0.244875901894859,0.0390046613584852,0.0170945465504387,0.2522638767786062,0.1670268828816273,0.317307212891487,0.68778855915052,0.0677071648330512,0.0296739733335752,0.671151479004126,0.5912716834810958,0.8464224480302491
ResViT-2D+3D-refine-T2+FLAIR,ResViT,ResViT,2D+3D-refine,t2_flair,flair,20,0.6982285845644176,0.0616369060853328,0.0270135651381966,0.686876139440041,0.6128975241122594,0.8339147238745478,15.465688085389989,0.988065857254352,0.4330389549211976,15.539018940851314,13.888469669765298,17.76622507640632,0.1261769376695156,0.0163018904852321,0.0071446185162002,0.1288551539182663,0.093130774796009,0.1535038203001022,0.2182418521116395,0.0394523945691239,0.0172907742818141,0.2169198911850142,0.1510940920354591,0.3213823916247257,0.6859696834309038,0.0691979980470883,0.0303273597978766,0.6751612894256789,0.5875007746107502,0.8510899359284673
ResViT-2.5D-T2+FLAIR,ResViT,ResViT,2.5D,t2_flair,flair,20,0.6916882769672824,0.0611748825815618,0.0268110744097162,0.6848867272414253,0.5950714386853498,0.8212651672216936,15.1165871189297,1.084818828448456,0.4754428141617563,15.254735418367192,13.369508018927744,18.059418366044483,0.1312444660812616,0.0174029563913362,0.0076271819260964,0.1274018660187721,0.0913220643997192,0.1618389785289764,0.2013182756497148,0.0355270325960547,0.0155704085450313,0.1989702596534817,0.1476771320131692,0.2892413632227824,0.677863418414111,0.0682993225514029,0.0299334978962557,0.6686197289319812,0.5665122473450063,0.8392738817282606
ResViT-2D-T2+FLAIR,ResViT,ResViT,2D,t2_flair,flair,20,0.6847176347309976,0.0669651158551882,0.0293487560299765,0.6804365057436089,0.5743401302732548,0.8326252242045539,15.308747827653514,0.92713071266041,0.4063329503171543,15.258731599596304,13.4344346958962,17.072859190634613,0.1285836726427078,0.0158559959518084,0.0069491966206442,0.1277169808745384,0.1004439145326614,0.1614798754453659,0.2137858250163457,0.04360060506718,0.0191088076909059,0.2054343312452519,0.1426642662949032,0.323705269740178,0.6722429275960616,0.0748125692321166,0.0327880541133867,0.6732741498152508,0.5470195540026435,0.8495162082509713
SynDiff-2D-T2+FLAIR,SynDiff,SynDiff,2D,t2_flair,flair,20,0.6726392684133236,0.0604606005826493,0.0264980265212003,0.6576511267943319,0.5861901811547459,0.8087659697021645,14.242227560682656,0.9240273253562123,0.4049728308625059,14.231182328986188,12.573247745135973,15.562441124194068,0.1450650420039892,0.018329868748168,0.0080334191777523,0.1456308513879776,0.1151300519704818,0.1764493584632873,0.1959653622446066,0.0365273731737406,0.0160088271333733,0.1872930766610556,0.1404591657221317,0.2589522468355986,,,,,,
SynDiff-2.5D-T2+FLAIR,SynDiff,SynDiff,2.5D,t2_flair,flair,20,0.6707602692833927,0.0627745260020553,0.027512149049601,0.6603423255112759,0.5702595500916666,0.8074653972933801,14.450330777691118,0.9263262816146036,0.4059803928668339,14.479981056041224,12.378193755150823,15.883319652652222,0.1423258449882269,0.0190123286850293,0.0083325204326577,0.1410121768712997,0.1137857809662818,0.1877066642045974,0.1852703039014903,0.0341018996880997,0.0149458165094361,0.1755288064026485,0.1331876293163408,0.2436595598564428,,,,,,
SynDiff-3D-T2+FLAIR,SynDiff,SynDiff,3D,t2_flair,flair,20,0.6627366569744791,0.0566409398540712,0.0248239863973433,0.6439329377689733,0.5706823683139679,0.7685672788137249,14.3790831051828,0.8722119613108188,0.3822637463107638,14.173855683151809,12.607218171096136,16.14731985622552,0.1436217874288559,0.0180043371171245,0.0078907486500077,0.1470055803656578,0.108973853290081,0.180747851729393,0.2381080559993593,0.0303335787691018,0.013294277049197,0.2363705655297039,0.1757210632165273,0.3006374159684548,,,,,,
SynDiff-3D+3D-refine-T2+FLAIR,SynDiff,SynDiff,3D+3D-refine,t2_flair,flair,20,0.6573327545076071,0.0616202519340449,0.0270062661345767,0.6456338935160948,0.5793513477069373,0.7936778172135723,14.01249894599496,0.7833266044478369,0.3433080210813726,13.976658184413248,12.392609744852551,15.318194914771224,0.1501446478068828,0.0165149200597857,0.0072379828437445,0.1531578600406646,0.1259144991636276,0.1789593249559402,0.2306600911042259,0.0324227412527588,0.0142098928777788,0.2204616704845691,0.1819259648935662,0.2995098003974327,,,,,,
