method,family,backbone,architecture,target,channel,n,ssim_mean,ssim_sd,ssim_ci95,ssim_median,ssim_min,ssim_max,psnr_mean,psnr_sd,psnr_ci95,psnr_median,psnr_min,psnr_max,mae_mean,mae_sd,mae_ci95,mae_median,mae_min,mae_max,lpips_mean,lpips_sd,lpips_ci95,lpips_median,lpips_min,lpips_max
pix2pix-2D-T2,pix2pix,GAN,2D,t2,t2,16,0.78522,0.04878,0.0239,0.79186,0.68225,0.87683,15.40999,0.91381,0.44777,15.64466,13.40036,16.67399,0.11374,0.02036,0.00997,0.10725,0.09189,0.1652,0.25045,0.04588,0.02248,0.24286,0.18785,0.35483
pix2pix-2D-T2+FLAIR,pix2pix,GAN,2D,t2_flair,t2,12,0.78542,0.03601,0.02038,0.79025,0.71277,0.84058,15.31419,0.81139,0.45909,15.51378,13.65121,16.30269,0.11503,0.01881,0.01064,0.11318,0.09531,0.15945,0.25114,0.04117,0.02329,0.24934,0.19619,0.3438
pix2pix-2D-T2+FLAIR,pix2pix,GAN,2D,t2_flair,flair,12,0.77698,0.05085,0.02877,0.78651,0.63935,0.83987,15.69725,0.79843,0.45175,15.69084,14.32597,16.80838,0.1237,0.01487,0.00841,0.12399,0.1026,0.15575,0.24754,0.05181,0.02931,0.23822,0.17973,0.37154
pix2pix-2.5D-T2,pix2pix,GAN,2.5D,t2,t2,16,0.78661,0.04643,0.02275,0.79181,0.69335,0.87725,15.50468,0.91354,0.44763,15.69095,13.40761,16.71326,0.1127,0.02096,0.01027,0.10574,0.08977,0.16537,0.25581,0.04663,0.02285,0.24746,0.1939,0.36465
pix2pix-2.5D-T2+FLAIR,pix2pix,GAN,2.5D,t2_flair,t2,12,0.78547,0.03832,0.02168,0.7914,0.69971,0.84,15.36828,1.07575,0.60866,15.50888,12.78693,16.52069,0.11575,0.02387,0.0135,0.11396,0.09475,0.17997,0.2628,0.04252,0.02406,0.2547,0.21551,0.36613
pix2pix-2.5D-T2+FLAIR,pix2pix,GAN,2.5D,t2_flair,flair,12,0.77633,0.05314,0.03006,0.78846,0.62751,0.83664,15.64584,1.09416,0.61908,15.67434,13.29019,17.04409,0.12469,0.02131,0.01206,0.12022,0.09726,0.17638,0.25728,0.05196,0.0294,0.24473,0.19486,0.38296
pix2pix-2D+3D-post-T2,pix2pix,GAN,2D+3D-post,t2,t2,16,0.79884,0.03508,0.01719,0.79816,0.7286,0.87855,15.31492,1.16775,0.5722,15.76104,12.56144,16.67382,0.11542,0.0223,0.01093,0.11023,0.09045,0.17457,0.24781,0.03989,0.01954,0.24316,0.18894,0.32295
pix2pix-2D+3D-post-T2+FLAIR,pix2pix,GAN,2D+3D-post,t2_flair,t2,12,0.79838,0.02362,0.01336,0.79752,0.76613,0.84144,15.1307,1.16342,0.65826,15.65566,12.54831,16.26427,0.11798,0.02064,0.01168,0.12056,0.09556,0.17176,0.24759,0.03787,0.02143,0.24727,0.19062,0.31636
pix2pix-2D+3D-post-T2+FLAIR,pix2pix,GAN,2D+3D-post,t2_flair,flair,12,0.79098,0.03547,0.02007,0.79251,0.70236,0.84061,15.36313,1.2615,0.71376,15.69664,12.90459,16.84379,0.12359,0.01907,0.01079,0.119,0.10136,0.16773,0.24002,0.04961,0.02807,0.22807,0.17554,0.34518
pix2pix-3D-T2,pix2pix,GAN,3D,t2,t2,16,0.76545,0.0368,0.01803,0.76392,0.68747,0.84482,14.15747,0.9468,0.46393,14.19898,12.77109,15.57119,0.1332,0.02036,0.00998,0.13309,0.10997,0.17227,0.24885,0.03708,0.01817,0.24213,0.18884,0.31115
pix2pix-3D-T2+FLAIR,pix2pix,GAN,3D,t2_flair,t2,12,0.77122,0.03138,0.01776,0.77321,0.70173,0.81449,14.24738,0.88933,0.50318,14.28255,12.50206,15.62698,0.13086,0.0213,0.01205,0.13139,0.10472,0.18119,0.25921,0.03086,0.01746,0.2596,0.21828,0.31856
pix2pix-3D-T2+FLAIR,pix2pix,GAN,3D,t2_flair,flair,12,0.76272,0.04274,0.02419,0.76795,0.65062,0.81882,14.5734,0.91195,0.51598,14.76345,12.70513,15.85651,0.13713,0.01695,0.00959,0.13201,0.1152,0.17673,0.25624,0.0391,0.02212,0.24612,0.20248,0.33648
CUT-2D-T2,CUT,GAN,2D,t2,t2,16,0.78494,0.045,0.02205,0.78959,0.69981,0.87289,15.26404,1.01495,0.49732,15.55194,12.85554,16.39665,0.11671,0.02244,0.011,0.10802,0.09293,0.17857,0.25803,0.04001,0.0196,0.25253,0.20167,0.35026
CUT-2D-T2+FLAIR,CUT,GAN,2D,t2_flair,t2,12,0.78029,0.03731,0.02111,0.78296,0.70333,0.83218,14.80767,1.00496,0.56861,15.10443,12.60373,16.16016,0.12507,0.02386,0.0135,0.12603,0.0985,0.18432,0.24012,0.03832,0.02168,0.23713,0.19472,0.32029
CUT-2D-T2+FLAIR,CUT,GAN,2D,t2_flair,flair,12,0.77186,0.04966,0.0281,0.78216,0.63512,0.83217,15.19747,1.14062,0.64537,15.29064,13.19748,16.62603,0.13394,0.02193,0.01241,0.13083,0.10718,0.1755,0.2446,0.04586,0.02595,0.236,0.18402,0.3476
CUT-2.5D-T2,CUT,GAN,2.5D,t2,t2,16,0.78227,0.0459,0.02249,0.78657,0.69424,0.87175,15.24614,0.9602,0.4705,15.54375,13.05151,16.24232,0.11765,0.02154,0.01055,0.10964,0.09393,0.17413,0.27524,0.04202,0.02059,0.2681,0.21908,0.37183
CUT-2.5D-T2+FLAIR,CUT,GAN,2.5D,t2_flair,t2,12,0.78258,0.03494,0.01977,0.78412,0.70996,0.8374,15.03918,0.76468,0.43266,15.22543,13.30281,16.04608,0.11963,0.01924,0.01088,0.11721,0.09762,0.16712,0.27143,0.03955,0.02238,0.26334,0.21737,0.35549
CUT-2.5D-T2+FLAIR,CUT,GAN,2.5D,t2_flair,flair,12,0.77298,0.04988,0.02822,0.77992,0.63733,0.8336,15.38298,0.8565,0.48461,15.48925,13.69439,16.42879,0.12909,0.01618,0.00915,0.12656,0.10885,0.16486,0.27285,0.04936,0.02793,0.26231,0.21014,0.38384
CUT-2D+3D-post-T2,CUT,GAN,2D+3D-post,t2,t2,16,0.79815,0.03296,0.01615,0.79874,0.73932,0.87415,15.2217,1.16159,0.56918,15.60021,12.1774,16.36693,0.11682,0.02362,0.01157,0.10985,0.09128,0.18426,0.25896,0.03509,0.0172,0.25507,0.20487,0.32279
CUT-2D+3D-post-T2+FLAIR,CUT,GAN,2D+3D-post,t2_flair,t2,12,0.79581,0.0248,0.01403,0.79839,0.75993,0.83886,14.89438,1.20062,0.67931,15.31096,12.13522,16.1405,0.12237,0.0245,0.01386,0.12332,0.09667,0.18572,0.25056,0.03192,0.01806,0.24793,0.20876,0.30691
CUT-2D+3D-post-T2+FLAIR,CUT,GAN,2D+3D-post,t2_flair,flair,12,0.78693,0.03602,0.02038,0.78776,0.69898,0.83744,15.0391,1.21105,0.68522,15.31281,12.64739,16.4139,0.12969,0.02038,0.01153,0.12441,0.10702,0.17687,0.25193,0.04223,0.0239,0.24202,0.195,0.3398
CUT-3D-T2,CUT,GAN,3D,t2,t2,16,0.76953,0.03744,0.01834,0.77203,0.70803,0.85745,14.46001,1.06062,0.5197,14.55643,11.875,15.9352,0.1289,0.02495,0.01223,0.1282,0.09882,0.19647,0.20752,0.02756,0.01351,0.2046,0.15436,0.26209
CUT-3D-T2+FLAIR,CUT,GAN,3D,t2_flair,t2,12,0.76617,0.02848,0.01611,0.76942,0.72588,0.80785,14.17154,0.92776,0.52493,14.30053,11.91341,15.38587,0.13278,0.02397,0.01356,0.13213,0.10674,0.19356,0.21663,0.0313,0.01771,0.21347,0.17407,0.27801
CUT-3D-T2+FLAIR,CUT,GAN,3D,t2_flair,flair,12,0.75166,0.03956,0.02238,0.75916,0.66084,0.80799,14.58874,1.07109,0.60603,14.84117,12.41051,16.0364,0.13944,0.01822,0.01031,0.13202,0.11974,0.18067,0.21754,0.03109,0.01759,0.20985,0.16996,0.2908
CycleGAN-2D-T2,CycleGAN,GAN,2D,t2,t2,16,0.77663,0.05104,0.02501,0.78056,0.68792,0.87225,14.22009,1.94693,0.954,14.89521,10.07601,16.31034,0.14153,0.05096,0.02497,0.12542,0.09203,0.2595,0.2635,0.03375,0.01654,0.26102,0.21633,0.35461
CycleGAN-2D-T2+FLAIR,CycleGAN,GAN,2D,t2_flair,t2,12,0.78954,0.02837,0.01605,0.79165,0.73968,0.83804,14.84738,0.95744,0.54172,15.07119,12.63859,15.8601,0.12181,0.02229,0.01261,0.121,0.09659,0.18048,0.26795,0.02732,0.01546,0.26848,0.22788,0.32231
CycleGAN-2D-T2+FLAIR,CycleGAN,GAN,2D,t2_flair,flair,12,0.77927,0.04499,0.02546,0.78148,0.66465,0.83471,15.19707,1.02051,0.57741,15.21911,13.28418,16.47968,0.13266,0.01945,0.01101,0.13333,0.10594,0.17253,0.2654,0.0421,0.02382,0.25689,0.20786,0.35885
CycleGAN-2.5D-T2,CycleGAN,GAN,2.5D,t2,t2,16,0.78898,0.03951,0.01936,0.79226,0.71034,0.87399,15.13253,0.93433,0.45782,15.13285,13.2574,16.45617,0.11773,0.02193,0.01074,0.11545,0.09037,0.16721,0.27332,0.0319,0.01563,0.2737,0.22034,0.32972
CycleGAN-2.5D-T2+FLAIR,CycleGAN,GAN,2.5D,t2_flair,t2,12,0.78968,0.0295,0.01669,0.79229,0.73728,0.8393,14.87146,0.96868,0.54808,15.11377,12.89033,16.02136,0.12175,0.0224,0.01267,0.12226,0.09342,0.17469,0.27692,0.02702,0.01529,0.2791,0.23705,0.33129
CycleGAN-2.5D-T2+FLAIR,CycleGAN,GAN,2.5D,t2_flair,flair,12,0.7787,0.04454,0.0252,0.78001,0.66613,0.8329,15.11286,0.91281,0.51647,15.24079,13.53965,16.34002,0.13311,0.01776,0.01005,0.13262,0.10933,0.16798,0.27771,0.03833,0.02169,0.27256,0.21973,0.35975
CycleGAN-2D+3D-post-T2,CycleGAN,GAN,2D+3D-post,t2,t2,16,0.79415,0.03313,0.01623,0.79332,0.73541,0.87242,15.04131,1.2115,0.59363,15.27463,11.93741,16.55887,0.12,0.02712,0.01329,0.11559,0.08988,0.19026,0.27013,0.02352,0.01153,0.27479,0.22333,0.32134
CycleGAN-2D+3D-post-T2+FLAIR,CycleGAN,GAN,2D+3D-post,t2_flair,t2,12,0.79804,0.02269,0.01284,0.79703,0.76828,0.84021,14.83789,1.07206,0.60658,15.05773,12.3278,15.8899,0.1218,0.02202,0.01246,0.1211,0.09752,0.18066,0.27051,0.02606,0.01475,0.27345,0.22991,0.31209
CycleGAN-2D+3D-post-T2+FLAIR,CycleGAN,GAN,2D+3D-post,t2_flair,flair,12,0.78796,0.03655,0.02068,0.78714,0.70232,0.83831,14.9925,1.14178,0.64602,15.1439,12.74452,16.30936,0.12951,0.01922,0.01088,0.13053,0.10294,0.17226,0.26685,0.03986,0.02255,0.26567,0.21116,0.34799
CycleGAN-3D-T2,CycleGAN,GAN,3D,t2,t2,16,0.77337,0.03495,0.01712,0.77387,0.72255,0.85868,14.35874,0.98083,0.48061,14.47141,12.27041,15.95143,0.13072,0.02334,0.01144,0.12608,0.09857,0.18806,0.2137,0.02823,0.01383,0.2149,0.16546,0.26413
CycleGAN-3D-T2+FLAIR,CycleGAN,GAN,3D,t2_flair,t2,12,0.7792,0.02465,0.01395,0.78129,0.74446,0.81924,14.3641,0.90328,0.51108,14.42428,12.28757,15.55838,0.12975,0.02239,0.01267,0.13075,0.10591,0.18633,0.23092,0.02934,0.0166,0.23144,0.1911,0.27959
CycleGAN-3D-T2+FLAIR,CycleGAN,GAN,3D,t2_flair,flair,12,0.76956,0.03589,0.02031,0.7709,0.6843,0.81574,14.67436,0.99033,0.56033,14.98169,12.77207,16.00238,0.13725,0.01686,0.00954,0.13287,0.11768,0.17359,0.2307,0.03832,0.02168,0.22717,0.17591,0.30955
SwinPix2Pix-2D-T2,SwinPix2Pix,GAN,2D,t2,t2,16,0.77162,0.03442,0.01687,0.7758,0.70075,0.83614,15.38868,1.05391,0.51642,15.7248,13.04929,16.63325,0.11389,0.02175,0.01066,0.10484,0.08861,0.16912,0.25194,0.02999,0.0147,0.24691,0.20746,0.31671
SwinPix2Pix-2D-T2+FLAIR,SwinPix2Pix,GAN,2D,t2_flair,t2,12,0.78155,0.02892,0.01636,0.78513,0.73018,0.83462,14.96241,1.154,0.65294,15.40078,12.38001,16.18153,0.11891,0.02422,0.0137,0.1169,0.09678,0.18228,0.24543,0.02841,0.01607,0.24948,0.2023,0.30371
SwinPix2Pix-2D-T2+FLAIR,SwinPix2Pix,GAN,2D,t2_flair,flair,12,0.7699,0.04066,0.02301,0.77521,0.6662,0.82389,15.1938,1.24862,0.70648,15.44191,12.72002,16.78569,0.1313,0.0219,0.01239,0.13061,0.10061,0.18062,0.24181,0.04,0.02263,0.23729,0.19016,0.33036
SwinPix2Pix-2.5D-T2,SwinPix2Pix,GAN,2.5D,t2,t2,16,0.78911,0.04176,0.02046,0.79018,0.70778,0.87716,15.48418,1.10521,0.54155,15.85094,12.94416,16.75666,0.11319,0.02278,0.01116,0.10419,0.08702,0.17392,0.23825,0.03525,0.01727,0.23697,0.18697,0.3212
SwinPix2Pix-2.5D-T2+FLAIR,SwinPix2Pix,GAN,2.5D,t2_flair,t2,12,0.78259,0.03789,0.02144,0.78459,0.69989,0.83784,14.98027,1.32224,0.74813,15.49505,12.06139,16.38937,0.12054,0.02807,0.01588,0.12041,0.09397,0.19302,0.24784,0.037,0.02094,0.24623,0.19725,0.33343
SwinPix2Pix-2.5D-T2+FLAIR,SwinPix2Pix,GAN,2.5D,t2_flair,flair,12,0.77106,0.05145,0.02911,0.77978,0.6346,0.83275,15.22422,1.31162,0.74212,15.60418,12.65579,16.90446,0.1314,0.0239,0.01352,0.12382,0.09966,0.18556,0.2418,0.05029,0.02846,0.23055,0.18327,0.36427
SwinPix2Pix-2D+3D-post-T2,SwinPix2Pix,GAN,2D+3D-post,t2,t2,16,0.79838,0.03279,0.01607,0.7969,0.73793,0.87648,15.32451,1.15804,0.56744,15.74508,12.67057,16.60236,0.11473,0.02218,0.01087,0.10621,0.08847,0.17178,0.24132,0.0287,0.01406,0.24427,0.19297,0.29335
SwinPix2Pix-2D+3D-post-T2+FLAIR,SwinPix2Pix,GAN,2D+3D-post,t2_flair,t2,12,0.7979,0.02302,0.01302,0.79843,0.7687,0.83697,14.96354,1.29233,0.73121,15.58711,12.06853,16.19783,0.11896,0.02427,0.01373,0.11727,0.09709,0.18448,0.24566,0.02973,0.01682,0.24618,0.20164,0.30402
SwinPix2Pix-2D+3D-post-T2+FLAIR,SwinPix2Pix,GAN,2D+3D-post,t2_flair,flair,12,0.78855,0.03536,0.02001,0.79011,0.70432,0.83735,15.14597,1.30884,0.74055,15.47157,12.49252,16.77378,0.1282,0.02187,0.01237,0.12514,0.09832,0.1784,0.24081,0.04484,0.02537,0.23476,0.18746,0.34118
SwinPix2Pix-3D-T2,SwinPix2Pix,GAN,3D,t2,t2,16,0.77017,0.03692,0.01809,0.77082,0.70322,0.85031,14.33291,0.98476,0.48253,14.47502,12.36236,15.61977,0.12965,0.02293,0.01124,0.12897,0.10334,0.18384,0.24722,0.03345,0.01639,0.24693,0.18878,0.31218
SwinPix2Pix-3D-T2+FLAIR,SwinPix2Pix,GAN,3D,t2_flair,t2,12,0.77398,0.02474,0.014,0.77391,0.73769,0.8115,14.11565,0.85935,0.48622,14.12769,12.75418,15.48051,0.13114,0.02025,0.01146,0.13442,0.10492,0.17489,0.25483,0.03029,0.01714,0.25459,0.21492,0.31439
SwinPix2Pix-3D-T2+FLAIR,SwinPix2Pix,GAN,3D,t2_flair,flair,12,0.76123,0.03865,0.02187,0.76471,0.66943,0.81525,14.54956,0.81138,0.45908,14.62029,13.03468,15.8018,0.13723,0.01429,0.00809,0.13501,0.11728,0.16741,0.25873,0.03923,0.0222,0.24688,0.1965,0.34333
ResViT-2D-T2,ResViT,ResViT,2D,t2,t2,16,0.73152,0.06419,0.03146,0.75142,0.60143,0.81,15.56814,0.55181,0.27039,15.74001,14.592,16.25888,0.11201,0.01495,0.00732,0.10914,0.08322,0.13891,0.19408,0.03582,0.01755,0.18977,0.13118,0.25624
ResViT-2.5D-T2,ResViT,ResViT,2.5D,t2,t2,16,0.73417,0.06424,0.03148,0.75168,0.58437,0.81267,15.80007,0.75284,0.36889,15.86571,14.37791,16.87374,0.1085,0.01728,0.00847,0.10522,0.08685,0.14535,0.17967,0.04315,0.02114,0.1679,0.11786,0.27922
ResViT-2D+3D-refine-T2,ResViT,ResViT,2D+3D-refine,t2,t2,16,0.74178,0.06353,0.03113,0.76103,0.60223,0.8207,15.49951,0.61754,0.30259,15.76416,14.16147,16.12047,0.1128,0.01542,0.00756,0.10934,0.08642,0.14195,0.20618,0.03846,0.01884,0.20205,0.12996,0.2692
ResViT-3D-T2,ResViT,ResViT,3D,t2,t2,16,0.71917,0.06159,0.03018,0.72353,0.57628,0.79903,15.10101,1.09475,0.53643,15.08435,13.08659,16.67592,0.11888,0.02364,0.01158,0.11384,0.08784,0.16478,0.17072,0.03711,0.01818,0.15455,0.1217,0.26749
ResViT-2D-T2+FLAIR,ResViT,ResViT,2D,t2_flair,t2,12,0.72543,0.06431,0.03639,0.72756,0.60735,0.81454,15.59045,0.60633,0.34306,15.84692,14.67855,16.20869,0.11099,0.01691,0.00957,0.10872,0.08131,0.14051,0.22049,0.04363,0.02469,0.22007,0.14154,0.29466
ResViT-2D-T2+FLAIR,ResViT,ResViT,2D,t2_flair,flair,12,0.70991,0.06657,0.03766,0.71425,0.62371,0.83263,15.55046,0.87014,0.49233,15.48751,13.83178,17.07286,0.12381,0.01504,0.00851,0.12244,0.10044,0.1528,0.21223,0.04509,0.02551,0.22134,0.14266,0.29161
ResViT-2.5D-T2+FLAIR,ResViT,ResViT,2.5D,t2_flair,t2,12,0.73717,0.06237,0.03529,0.74053,0.61076,0.81241,15.7114,0.73038,0.41325,15.92979,14.36366,16.49497,0.10981,0.0171,0.00968,0.10437,0.08674,0.13568,0.21842,0.04427,0.02505,0.21835,0.14892,0.30282
ResViT-2.5D-T2+FLAIR,ResViT,ResViT,2.5D,t2_flair,flair,12,0.71411,0.06109,0.03457,0.72453,0.61808,0.82127,15.5193,1.02808,0.58169,15.43948,14.25067,18.05942,0.12434,0.01547,0.00875,0.123,0.09132,0.14914,0.20099,0.03444,0.01948,0.20135,0.14768,0.25275
ResViT-2D+3D-refine-T2+FLAIR,ResViT,ResViT,2D+3D-refine,t2_flair,t2,12,0.73684,0.06565,0.03715,0.74334,0.61486,0.81899,15.69163,0.73552,0.41616,15.98676,14.51571,16.67098,0.10964,0.01698,0.00961,0.10715,0.07764,0.13666,0.24613,0.04808,0.02721,0.2516,0.1602,0.32768
ResViT-2D+3D-refine-T2+FLAIR,ResViT,ResViT,2D+3D-refine,t2_flair,flair,12,0.72063,0.06438,0.03643,0.73056,0.63454,0.83391,15.87329,0.95343,0.53945,15.83689,14.2212,17.76623,0.11907,0.01551,0.00878,0.11627,0.09313,0.14624,0.21602,0.03965,0.02243,0.22464,0.15109,0.28664
ResViT-3D-T2+FLAIR,ResViT,ResViT,3D,t2_flair,t2,12,0.70799,0.0592,0.03349,0.71945,0.57892,0.78792,14.99095,1.07192,0.6065,14.912,13.06927,16.46769,0.12183,0.02347,0.01328,0.12198,0.08888,0.16183,0.1725,0.03568,0.02019,0.16357,0.12538,0.26434
ResViT-3D-T2+FLAIR,ResViT,ResViT,3D,t2_flair,flair,12,0.72502,0.06163,0.03487,0.73638,0.63093,0.83062,15.96817,1.09585,0.62003,15.9135,14.25004,18.23539,0.11712,0.01773,0.01003,0.11941,0.09005,0.15029,0.23397,0.04341,0.02456,0.23793,0.16703,0.28461
SynDiff-2D-untuned-T2,SynDiff,SynDiff,"2D (full SynDiff, untuned)",t2,t2,2,0.71633,0.08149,0.11294,0.71633,0.65871,0.77395,13.98775,0.03023,0.0419,13.98775,13.96637,14.00912,0.13802,0.00236,0.00327,0.13802,0.13636,0.13969,0.20717,0.03987,0.05525,0.20717,0.17898,0.23536
SynDiff-2D-T2,SynDiff,SynDiff,2D,t2,t2,16,0.73838,0.06234,0.03054,0.75521,0.59297,0.81,15.05892,0.78256,0.38345,15.24596,13.43714,16.16291,0.11824,0.0186,0.00911,0.11477,0.08663,0.15431,0.19998,0.04065,0.01992,0.1971,0.13701,0.28411
SynDiff-2.5D-T2,SynDiff,SynDiff,2.5D,t2,t2,16,0.7396,0.06212,0.03044,0.76115,0.59441,0.81099,15.02419,0.716,0.35084,15.25114,13.26642,16.11529,0.11902,0.01804,0.00884,0.11352,0.08925,0.15643,0.19711,0.0417,0.02043,0.19465,0.14025,0.28413
SynDiff-3D-T2,SynDiff,SynDiff,3D,t2,t2,16,0.70899,0.05868,0.02875,0.71469,0.58969,0.78907,14.50473,0.85034,0.41667,14.68519,13.25473,15.6404,0.13187,0.01954,0.00957,0.1313,0.10579,0.1618,0.22033,0.03177,0.01557,0.21538,0.17925,0.30571
SynDiff-3D+3D-refine-T2,SynDiff,SynDiff,3D+3D-refine,t2,t2,16,0.71618,0.07045,0.03452,0.73965,0.57598,0.80501,15.11822,0.67581,0.33114,15.11098,13.63161,16.50205,0.11975,0.01697,0.00831,0.11914,0.08105,0.15117,0.21024,0.02899,0.0142,0.2049,0.16622,0.29313
SynDiff-ResViT->SynDiff-cascade-T2,SynDiff,SynDiff,ResViT->SynDiff cascade,t2,t2,16,0.73958,0.06354,0.03113,0.75951,0.58704,0.81699,15.6532,0.78423,0.38427,15.75009,14.02939,16.80598,0.10972,0.01833,0.00898,0.10551,0.0865,0.14995,0.19135,0.04856,0.0238,0.17566,0.12755,0.29542
SynDiff-ResViT+SynDiff-joint-T2,SynDiff,SynDiff,ResViT+SynDiff joint,t2,t2,16,0.7301,0.06471,0.03171,0.74898,0.58206,0.80712,15.53619,0.77369,0.37911,15.6368,13.99765,16.55554,0.1121,0.01815,0.00889,0.10857,0.09048,0.15095,0.17147,0.03561,0.01745,0.16043,0.12412,0.26108
SynDiff-2D-T2+FLAIR,SynDiff,SynDiff,2D,t2_flair,t2,12,0.71619,0.06389,0.03615,0.71975,0.58697,0.79729,14.55851,0.95222,0.53877,14.78447,13.10799,16.10798,0.12683,0.02249,0.01273,0.12391,0.08749,0.16042,0.21455,0.03964,0.02243,0.21692,0.14417,0.2841
SynDiff-2D-T2+FLAIR,SynDiff,SynDiff,2D,t2_flair,flair,12,0.69318,0.06317,0.03574,0.70136,0.59068,0.80877,14.55214,0.76854,0.43484,14.68358,13.0968,15.5075,0.13937,0.01624,0.00919,0.13798,0.11513,0.16894,0.20252,0.03451,0.01953,0.20612,0.14885,0.25894
SynDiff-2.5D-T2+FLAIR,SynDiff,SynDiff,2.5D,t2_flair,t2,12,0.71811,0.06534,0.03697,0.72085,0.58728,0.80119,14.78128,0.95726,0.54162,15.10381,13.16663,15.95236,0.12427,0.02297,0.01299,0.12077,0.0889,0.16092,0.20398,0.04002,0.02265,0.20041,0.13535,0.2817
SynDiff-2.5D-T2+FLAIR,SynDiff,SynDiff,2.5D,t2_flair,flair,12,0.69307,0.06391,0.03616,0.69738,0.60055,0.80747,14.79026,0.64917,0.3673,14.67223,13.73393,15.88332,0.13596,0.01439,0.00814,0.13764,0.11611,0.15803,0.19149,0.03392,0.01919,0.19822,0.13319,0.24366
SynDiff-3D-T2+FLAIR,SynDiff,SynDiff,3D,t2_flair,t2,12,0.70924,0.05599,0.03168,0.71526,0.60157,0.78456,14.58282,1.06742,0.60395,14.78361,12.4718,15.89385,0.12788,0.02291,0.01296,0.13068,0.0982,0.18048,0.23782,0.04666,0.0264,0.2373,0.17959,0.32929
SynDiff-3D-T2+FLAIR,SynDiff,SynDiff,3D,t2_flair,flair,12,0.68555,0.05473,0.03096,0.68482,0.61313,0.76857,14.75645,0.72154,0.40825,14.54214,13.77313,16.14732,0.13528,0.01371,0.00776,0.13305,0.10897,0.15715,0.23455,0.03296,0.01865,0.23035,0.17572,0.27994
SynDiff-3D+3D-refine-T2+FLAIR,SynDiff,SynDiff,3D+3D-refine,t2_flair,t2,12,0.69497,0.06693,0.03787,0.70302,0.57332,0.78471,14.32207,0.90059,0.50956,14.40829,13.02983,15.68485,0.13351,0.0214,0.01211,0.13046,0.09795,0.16572,0.24381,0.04918,0.02783,0.23315,0.18416,0.34116
SynDiff-3D+3D-refine-T2+FLAIR,SynDiff,SynDiff,3D+3D-refine,t2_flair,flair,12,0.6772,0.06606,0.03737,0.68636,0.57935,0.79368,14.30156,0.63877,0.36142,14.49643,13.13503,15.31819,0.14424,0.01475,0.00835,0.14051,0.12591,0.17104,0.22814,0.03128,0.0177,0.22276,0.18193,0.28038
