comparison,metric,n,mean_A,mean_B,stat,p,note
pix2pix-2D-T2  vs  BEST(pix2pix-2D+3D-post-T2),ssim,30,0.7994353031397041,0.8138262320340097,0.0,1.862645149230957e-09,
pix2pix-2D-T2  vs  BEST(pix2pix-2D+3D-post-T2),psnr,30,15.005824941724184,14.961754186515428,229.0,0.9515264742076396,
pix2pix-2D-T2  vs  BEST(pix2pix-2D+3D-post-T2),lpips,30,0.2490309214091968,0.2446324750940813,103.0,0.0066395364701747,
pix2pix-2D-T2+FLAIR  vs  BEST(pix2pix-2D+3D-post-T2),ssim,20,0.7923726724422291,0.8083387407697126,0.0,1.9073486328125e-06,
pix2pix-2D-T2+FLAIR  vs  BEST(pix2pix-2D+3D-post-T2),psnr,20,14.94592368071055,14.850157568116362,85.0,0.4749050140380859,
pix2pix-2D-T2+FLAIR  vs  BEST(pix2pix-2D+3D-post-T2),lpips,20,0.2543778889150348,0.2515127677885552,75.0,0.2773551940917969,
pix2pix-2.5D-T2  vs  BEST(pix2pix-2D+3D-post-T2),ssim,30,0.8011731500799975,0.8138262320340097,0.0,1.862645149230957e-09,
pix2pix-2.5D-T2  vs  BEST(pix2pix-2D+3D-post-T2),psnr,30,15.09675574203615,14.961754186515428,119.0,0.0185294803231954,
pix2pix-2.5D-T2  vs  BEST(pix2pix-2D+3D-post-T2),lpips,30,0.2558951393893073,0.2446324750940813,0.0,1.862645149230957e-09,
pix2pix-2.5D-T2+FLAIR  vs  BEST(pix2pix-2D+3D-post-T2),ssim,20,0.7917371225412031,0.8083387407697126,0.0,1.9073486328125e-06,
pix2pix-2.5D-T2+FLAIR  vs  BEST(pix2pix-2D+3D-post-T2),psnr,20,15.010034289065718,14.850157568116362,45.0,0.0239505767822265,
pix2pix-2.5D-T2+FLAIR  vs  BEST(pix2pix-2D+3D-post-T2),lpips,20,0.2677405597429636,0.2515127677885552,0.0,1.9073486328125e-06,
pix2pix-2D+3D-post-T2+FLAIR  vs  BEST(pix2pix-2D+3D-post-T2),ssim,20,0.8084405205287466,0.8083387407697126,97.0,0.7841262817382812,
pix2pix-2D+3D-post-T2+FLAIR  vs  BEST(pix2pix-2D+3D-post-T2),psnr,20,14.759323056306885,14.850157568116362,30.0,0.0036544799804687,
pix2pix-2D+3D-post-T2+FLAIR  vs  BEST(pix2pix-2D+3D-post-T2),lpips,20,0.2487438162026805,0.2515127677885552,29.0,0.003152847290039,
pix2pix-3D-T2  vs  BEST(pix2pix-2D+3D-post-T2),ssim,30,0.7819806636640235,0.8138262320340097,0.0,1.862645149230957e-09,
pix2pix-3D-T2  vs  BEST(pix2pix-2D+3D-post-T2),psnr,30,14.099068211371751,14.961754186515428,16.0,3.1478703022003174e-07,
pix2pix-3D-T2  vs  BEST(pix2pix-2D+3D-post-T2),lpips,30,0.2457699673348378,0.2446324750940813,230.0,0.9676735773682594,
pix2pix-3D-T2+FLAIR  vs  BEST(pix2pix-2D+3D-post-T2),ssim,20,0.7803816634628585,0.8083387407697126,0.0,1.9073486328125e-06,
pix2pix-3D-T2+FLAIR  vs  BEST(pix2pix-2D+3D-post-T2),psnr,20,14.128557544452102,14.850157568116362,2.0,5.7220458984375e-06,
pix2pix-3D-T2+FLAIR  vs  BEST(pix2pix-2D+3D-post-T2),lpips,20,0.2596624443365855,0.2515127677885552,36.0,0.0083084106445312,
CUT-2D-T2  vs  BEST(pix2pix-2D+3D-post-T2),ssim,30,0.7996674218065227,0.8138262320340097,0.0,1.862645149230957e-09,
CUT-2D-T2  vs  BEST(pix2pix-2D+3D-post-T2),psnr,30,14.893525367935768,14.961754186515428,167.0,0.1839690934866666,
CUT-2D-T2  vs  BEST(pix2pix-2D+3D-post-T2),lpips,30,0.2572733312561249,0.2446324750940813,2.0,5.587935447692871e-09,
CUT-2D-T2+FLAIR  vs  BEST(pix2pix-2D+3D-post-T2),ssim,20,0.7873010059614429,0.8083387407697126,0.0,1.9073486328125e-06,
CUT-2D-T2+FLAIR  vs  BEST(pix2pix-2D+3D-post-T2),psnr,20,14.49688706710286,14.850157568116362,13.0,0.0001678466796875,
CUT-2D-T2+FLAIR  vs  BEST(pix2pix-2D+3D-post-T2),lpips,20,0.2451649243904844,0.2515127677885552,48.0,0.0327682495117187,
CUT-2.5D-T2  vs  BEST(pix2pix-2D+3D-post-T2),ssim,30,0.7972684282940112,0.8138262320340097,0.0,1.862645149230957e-09,
CUT-2.5D-T2  vs  BEST(pix2pix-2D+3D-post-T2),psnr,30,14.925170200750406,14.961754186515428,227.0,0.9192965272814037,
CUT-2.5D-T2  vs  BEST(pix2pix-2D+3D-post-T2),lpips,30,0.2774927853503922,0.2446324750940813,0.0,1.862645149230957e-09,
CUT-2.5D-T2+FLAIR  vs  BEST(pix2pix-2D+3D-post-T2),ssim,20,0.7896825015284364,0.8083387407697126,0.0,1.9073486328125e-06,
CUT-2.5D-T2+FLAIR  vs  BEST(pix2pix-2D+3D-post-T2),psnr,20,14.796747533640184,14.850157568116362,97.0,0.7841262817382812,
CUT-2.5D-T2+FLAIR  vs  BEST(pix2pix-2D+3D-post-T2),lpips,20,0.2763746071290965,0.2515127677885552,0.0,1.9073486328125e-06,
CUT-2D+3D-post-T2  vs  BEST(pix2pix-2D+3D-post-T2),ssim,30,0.8127951586505492,0.8138262320340097,120.0,0.0196608155965805,
CUT-2D+3D-post-T2  vs  BEST(pix2pix-2D+3D-post-T2),psnr,30,14.899322974475773,14.961754186515428,158.0,0.1293530762195587,
CUT-2D+3D-post-T2  vs  BEST(pix2pix-2D+3D-post-T2),lpips,30,0.2558857492888043,0.2446324750940813,3.0,9.313225746154784e-09,
CUT-2D+3D-post-T2+FLAIR  vs  BEST(pix2pix-2D+3D-post-T2),ssim,20,0.8057983313066058,0.8083387407697126,30.0,0.0036544799804687,
CUT-2D+3D-post-T2+FLAIR  vs  BEST(pix2pix-2D+3D-post-T2),psnr,20,14.640311805222067,14.850157568116362,33.0,0.0055809020996093,
CUT-2D+3D-post-T2+FLAIR  vs  BEST(pix2pix-2D+3D-post-T2),lpips,20,0.2524174362551096,0.2515127677885552,93.0,0.6742229461669922,
CUT-3D-T2  vs  BEST(pix2pix-2D+3D-post-T2),ssim,30,0.7831710339824449,0.8138262320340097,0.0,1.862645149230957e-09,
CUT-3D-T2  vs  BEST(pix2pix-2D+3D-post-T2),psnr,30,14.265253464971313,14.961754186515428,12.0,1.30385160446167e-07,
CUT-3D-T2  vs  BEST(pix2pix-2D+3D-post-T2),lpips,30,0.2022551510791726,0.2446324750940813,0.0,1.862645149230957e-09,
CUT-3D-T2+FLAIR  vs  BEST(pix2pix-2D+3D-post-T2),ssim,20,0.7728941626827089,0.8083387407697126,0.0,1.9073486328125e-06,
CUT-3D-T2+FLAIR  vs  BEST(pix2pix-2D+3D-post-T2),psnr,20,14.013405306776466,14.850157568116362,1.0,3.814697265625e-06,
CUT-3D-T2+FLAIR  vs  BEST(pix2pix-2D+3D-post-T2),lpips,20,0.2174645700470668,0.2515127677885552,0.0,1.9073486328125e-06,
CycleGAN-2D-T2  vs  BEST(pix2pix-2D+3D-post-T2),ssim,30,0.775963699132196,0.8138262320340097,0.0,1.862645149230957e-09,
CycleGAN-2D-T2  vs  BEST(pix2pix-2D+3D-post-T2),psnr,30,13.227955858169649,14.961754186515428,6.0,2.60770320892334e-08,
CycleGAN-2D-T2  vs  BEST(pix2pix-2D+3D-post-T2),lpips,30,0.2665619875103823,0.2446324750940813,51.0,6.286613643169403e-05,
CycleGAN-2D-T2+FLAIR  vs  BEST(pix2pix-2D+3D-post-T2),ssim,20,0.7968089964027928,0.8083387407697126,0.0,1.9073486328125e-06,
CycleGAN-2D-T2+FLAIR  vs  BEST(pix2pix-2D+3D-post-T2),psnr,20,14.513561711793631,14.850157568116362,35.0,0.0072956085205078,
CycleGAN-2D-T2+FLAIR  vs  BEST(pix2pix-2D+3D-post-T2),lpips,20,0.2688322203227171,0.2515127677885552,7.0,3.62396240234375e-05,
CycleGAN-2.5D-T2  vs  BEST(pix2pix-2D+3D-post-T2),ssim,30,0.8029384359498053,0.8138262320340097,0.0,1.862645149230957e-09,
CycleGAN-2.5D-T2  vs  BEST(pix2pix-2D+3D-post-T2),psnr,30,14.80537601475722,14.961754186515428,170.0,0.2054096926003694,
CycleGAN-2.5D-T2  vs  BEST(pix2pix-2D+3D-post-T2),lpips,30,0.2722098312784514,0.2446324750940813,3.0,9.313225746154784e-09,
CycleGAN-2.5D-T2+FLAIR  vs  BEST(pix2pix-2D+3D-post-T2),ssim,20,0.7966508029576872,0.8083387407697126,0.0,1.9073486328125e-06,
CycleGAN-2.5D-T2+FLAIR  vs  BEST(pix2pix-2D+3D-post-T2),psnr,20,14.55407688644792,14.850157568116362,50.0,0.0399894714355468,
CycleGAN-2.5D-T2+FLAIR  vs  BEST(pix2pix-2D+3D-post-T2),lpips,20,0.276661632563664,0.2515127677885552,1.0,3.814697265625e-06,
CycleGAN-2D+3D-post-T2  vs  BEST(pix2pix-2D+3D-post-T2),ssim,30,0.8063278119120333,0.8138262320340097,32.0,5.144625902175903e-06,
CycleGAN-2D+3D-post-T2  vs  BEST(pix2pix-2D+3D-post-T2),psnr,30,14.68072492603425,14.961754186515428,97.0,0.0043382328003644,
CycleGAN-2D+3D-post-T2  vs  BEST(pix2pix-2D+3D-post-T2),lpips,30,0.2620073909914017,0.2446324750940813,51.0,6.286613643169403e-05,
CycleGAN-2D+3D-post-T2+FLAIR  vs  BEST(pix2pix-2D+3D-post-T2),ssim,20,0.8066507830946673,0.8083387407697126,52.0,0.048440933227539,
CycleGAN-2D+3D-post-T2+FLAIR  vs  BEST(pix2pix-2D+3D-post-T2),psnr,20,14.548455231389934,14.850157568116362,36.0,0.0083084106445312,
CycleGAN-2D+3D-post-T2+FLAIR  vs  BEST(pix2pix-2D+3D-post-T2),lpips,20,0.2687454495931259,0.2515127677885552,5.0,1.9073486328125e-05,
CycleGAN-3D-T2  vs  BEST(pix2pix-2D+3D-post-T2),ssim,30,0.7900887933292855,0.8138262320340097,0.0,1.862645149230957e-09,
CycleGAN-3D-T2  vs  BEST(pix2pix-2D+3D-post-T2),psnr,30,14.25258651787589,14.961754186515428,19.0,5.718320608139038e-07,
CycleGAN-3D-T2  vs  BEST(pix2pix-2D+3D-post-T2),lpips,30,0.2080255194872612,0.2446324750940813,1.0,3.725290298461914e-09,
CycleGAN-3D-T2+FLAIR  vs  BEST(pix2pix-2D+3D-post-T2),ssim,20,0.7875089519909348,0.8083387407697126,0.0,1.9073486328125e-06,
CycleGAN-3D-T2+FLAIR  vs  BEST(pix2pix-2D+3D-post-T2),psnr,20,14.253924525775622,14.850157568116362,12.0,0.0001335144042968,
CycleGAN-3D-T2+FLAIR  vs  BEST(pix2pix-2D+3D-post-T2),lpips,20,0.2303256710619954,0.2515127677885552,6.0,2.6702880859375e-05,
SwinPix2Pix-2D-T2  vs  BEST(pix2pix-2D+3D-post-T2),ssim,30,0.78451274154942,0.8138262320340097,0.0,1.862645149230957e-09,
SwinPix2Pix-2D-T2  vs  BEST(pix2pix-2D+3D-post-T2),psnr,30,14.919530790689445,14.961754186515428,200.0,0.5158484429121017,
SwinPix2Pix-2D-T2  vs  BEST(pix2pix-2D+3D-post-T2),lpips,30,0.2501968484076407,0.2446324750940813,129.0,0.0327208992093801,
SwinPix2Pix-2D-T2+FLAIR  vs  BEST(pix2pix-2D+3D-post-T2),ssim,20,0.787216237161523,0.8083387407697126,0.0,1.9073486328125e-06,
SwinPix2Pix-2D-T2+FLAIR  vs  BEST(pix2pix-2D+3D-post-T2),psnr,20,14.606403216215408,14.850157568116362,25.0,0.0016899108886718,
SwinPix2Pix-2D-T2+FLAIR  vs  BEST(pix2pix-2D+3D-post-T2),lpips,20,0.2449791521613747,0.2515127677885552,44.0,0.021484375,
SwinPix2Pix-2.5D-T2  vs  BEST(pix2pix-2D+3D-post-T2),ssim,30,0.8019756781763501,0.8138262320340097,0.0,1.862645149230957e-09,
SwinPix2Pix-2.5D-T2  vs  BEST(pix2pix-2D+3D-post-T2),psnr,30,15.011230370753715,14.961754186515428,183.0,0.3183960802853107,
SwinPix2Pix-2.5D-T2  vs  BEST(pix2pix-2D+3D-post-T2),lpips,30,0.2335162817721487,0.2446324750940813,16.0,3.1478703022003174e-07,
SwinPix2Pix-2.5D-T2+FLAIR  vs  BEST(pix2pix-2D+3D-post-T2),ssim,20,0.7883777264394755,0.8083387407697126,0.0,1.9073486328125e-06,
SwinPix2Pix-2.5D-T2+FLAIR  vs  BEST(pix2pix-2D+3D-post-T2),psnr,20,14.511980260222462,14.850157568116362,27.0,0.0023250579833984,
SwinPix2Pix-2.5D-T2+FLAIR  vs  BEST(pix2pix-2D+3D-post-T2),lpips,20,0.2475967529184564,0.2515127677885552,72.0,0.2305126190185547,
SwinPix2Pix-2D+3D-post-T2  vs  BEST(pix2pix-2D+3D-post-T2),ssim,30,0.8127929231071979,0.8138262320340097,122.0,0.0220988541841506,
SwinPix2Pix-2D+3D-post-T2  vs  BEST(pix2pix-2D+3D-post-T2),psnr,30,14.88218754477467,14.961754186515428,163.0,0.1579476743936538,
SwinPix2Pix-2D+3D-post-T2  vs  BEST(pix2pix-2D+3D-post-T2),lpips,30,0.2346151440597007,0.2446324750940813,53.0,7.910653948783875e-05,
SwinPix2Pix-2D+3D-post-T2+FLAIR  vs  BEST(pix2pix-2D+3D-post-T2),ssim,20,0.8067617410775973,0.8083387407697126,43.0,0.0192337036132812,
SwinPix2Pix-2D+3D-post-T2+FLAIR  vs  BEST(pix2pix-2D+3D-post-T2),psnr,20,14.611299755777566,14.850157568116362,21.0,0.0008506774902343,
SwinPix2Pix-2D+3D-post-T2+FLAIR  vs  BEST(pix2pix-2D+3D-post-T2),lpips,20,0.2428708756328596,0.2515127677885552,22.0,0.001016616821289,
SwinPix2Pix-3D-T2  vs  BEST(pix2pix-2D+3D-post-T2),ssim,30,0.7853026542123428,0.8138262320340097,0.0,1.862645149230957e-09,
SwinPix2Pix-3D-T2  vs  BEST(pix2pix-2D+3D-post-T2),psnr,30,14.245009181270865,14.961754186515428,4.0,1.30385160446167e-08,
SwinPix2Pix-3D-T2  vs  BEST(pix2pix-2D+3D-post-T2),lpips,30,0.2413217389986492,0.2446324750940813,142.0,0.0635564886033535,
SwinPix2Pix-3D-T2+FLAIR  vs  BEST(pix2pix-2D+3D-post-T2),ssim,20,0.7829462541880573,0.8083387407697126,0.0,1.9073486328125e-06,
SwinPix2Pix-3D-T2+FLAIR  vs  BEST(pix2pix-2D+3D-post-T2),psnr,20,14.063561303448257,14.850157568116362,12.0,0.0001335144042968,
SwinPix2Pix-3D-T2+FLAIR  vs  BEST(pix2pix-2D+3D-post-T2),lpips,20,0.253871407738471,0.2515127677885552,88.0,0.5458755493164062,
ResViT-2D-T2  vs  BEST(pix2pix-2D+3D-post-T2),ssim,30,0.7197601249999205,0.8138262320340097,15.0,2.551823854446411e-07,
ResViT-2D-T2  vs  BEST(pix2pix-2D+3D-post-T2),psnr,30,15.23221214672147,14.961754186515428,163.0,0.1579476743936538,
ResViT-2D-T2  vs  BEST(pix2pix-2D+3D-post-T2),lpips,30,0.1830522452664315,0.2446324750940813,1.0,3.725290298461914e-09,
ResViT-2.5D-T2  vs  BEST(pix2pix-2D+3D-post-T2),ssim,30,0.7229053623114197,0.8138262320340097,16.0,3.1478703022003174e-07,
ResViT-2.5D-T2  vs  BEST(pix2pix-2D+3D-post-T2),psnr,30,15.40746933771084,14.961754186515428,97.0,0.0043382328003644,
ResViT-2.5D-T2  vs  BEST(pix2pix-2D+3D-post-T2),lpips,30,0.1726203656489028,0.2446324750940813,3.0,9.313225746154784e-09,
ResViT-2D+3D-refine-T2  vs  BEST(pix2pix-2D+3D-post-T2),ssim,30,0.7307141683475452,0.8138262320340097,25.0,1.6838312149047852e-06,
ResViT-2D+3D-refine-T2  vs  BEST(pix2pix-2D+3D-post-T2),psnr,30,15.162804906120146,14.961754186515428,201.0,0.5291051845997572,
ResViT-2D+3D-refine-T2  vs  BEST(pix2pix-2D+3D-post-T2),lpips,30,0.189516024665893,0.2446324750940813,5.0,1.862645149230957e-08,
ResViT-3D-T2  vs  BEST(pix2pix-2D+3D-post-T2),ssim,30,0.7080702007492069,0.8138262320340097,7.0,3.5390257835388184e-08,
ResViT-3D-T2  vs  BEST(pix2pix-2D+3D-post-T2),psnr,30,14.753239322402084,14.961754186515428,171.0,0.2129328530281782,
ResViT-3D-T2  vs  BEST(pix2pix-2D+3D-post-T2),lpips,30,0.1655223016429766,0.2446324750940813,1.0,3.725290298461914e-09,
ResViT-2D-T2+FLAIR  vs  BEST(pix2pix-2D+3D-post-T2),ssim,20,0.713752986917946,0.8083387407697126,2.0,5.7220458984375e-06,
ResViT-2D-T2+FLAIR  vs  BEST(pix2pix-2D+3D-post-T2),psnr,20,15.303423035228,14.850157568116362,53.0,0.0531692504882812,
ResViT-2D-T2+FLAIR  vs  BEST(pix2pix-2D+3D-post-T2),lpips,20,0.2093472717288136,0.2515127677885552,16.0,0.0003223419189453,
ResViT-2.5D-T2+FLAIR  vs  BEST(pix2pix-2D+3D-post-T2),ssim,20,0.7290507166131313,0.8083387407697126,6.0,2.6702880859375e-05,
ResViT-2.5D-T2+FLAIR  vs  BEST(pix2pix-2D+3D-post-T2),psnr,20,15.38805403054025,14.850157568116362,25.0,0.0016899108886718,
ResViT-2.5D-T2+FLAIR  vs  BEST(pix2pix-2D+3D-post-T2),lpips,20,0.2050703470258882,0.2515127677885552,20.0,0.0007076263427734,
ResViT-2D+3D-refine-T2+FLAIR  vs  BEST(pix2pix-2D+3D-post-T2),ssim,20,0.7296722722435484,0.8083387407697126,7.0,3.62396240234375e-05,
ResViT-2D+3D-refine-T2+FLAIR  vs  BEST(pix2pix-2D+3D-post-T2),psnr,20,15.356608433027688,14.850157568116362,44.0,0.021484375,
ResViT-2D+3D-refine-T2+FLAIR  vs  BEST(pix2pix-2D+3D-post-T2),lpips,20,0.2295709413922984,0.2515127677885552,61.0,0.1053981781005859,
ResViT-3D-T2+FLAIR  vs  BEST(pix2pix-2D+3D-post-T2),ssim,20,0.7006552607213625,0.8083387407697126,0.0,1.9073486328125e-06,
ResViT-3D-T2+FLAIR  vs  BEST(pix2pix-2D+3D-post-T2),psnr,20,14.812716210194187,14.850157568116362,96.0,0.7561664581298828,
ResViT-3D-T2+FLAIR  vs  BEST(pix2pix-2D+3D-post-T2),lpips,20,0.1666895222823874,0.2515127677885552,1.0,3.814697265625e-06,
SynDiff-2D-T2  vs  BEST(pix2pix-2D+3D-post-T2),ssim,30,0.7263469218132582,0.8138262320340097,22.0,9.98377799987793e-07,
SynDiff-2D-T2  vs  BEST(pix2pix-2D+3D-post-T2),psnr,30,14.66929180616923,14.961754186515428,100.0,0.0053827799856662,
SynDiff-2D-T2  vs  BEST(pix2pix-2D+3D-post-T2),lpips,30,0.187595822059723,0.2446324750940813,8.0,4.6566128730773926e-08,
SynDiff-2.5D-T2  vs  BEST(pix2pix-2D+3D-post-T2),ssim,30,0.7262477833896621,0.8138262320340097,22.0,9.98377799987793e-07,
SynDiff-2.5D-T2  vs  BEST(pix2pix-2D+3D-post-T2),psnr,30,14.626533139216692,14.961754186515428,99.0,0.0050126127898693,
SynDiff-2.5D-T2  vs  BEST(pix2pix-2D+3D-post-T2),lpips,30,0.1857300764535434,0.2446324750940813,7.0,3.5390257835388184e-08,
SynDiff-3D-T2  vs  BEST(pix2pix-2D+3D-post-T2),ssim,30,0.6978028718553778,0.8138262320340097,3.0,9.313225746154784e-09,
SynDiff-3D-T2  vs  BEST(pix2pix-2D+3D-post-T2),psnr,30,14.136080038907789,14.961754186515428,45.0,3.049522638320923e-05,
SynDiff-3D-T2  vs  BEST(pix2pix-2D+3D-post-T2),lpips,30,0.2144135550372353,0.2446324750940813,55.0,9.90256667137146e-05,
SynDiff-3D+3D-refine-T2  vs  BEST(pix2pix-2D+3D-post-T2),ssim,30,0.7068451612993459,0.8138262320340097,9.0,6.146728992462158e-08,
SynDiff-3D+3D-refine-T2  vs  BEST(pix2pix-2D+3D-post-T2),psnr,30,14.94632271283085,14.961754186515428,198.0,0.4898460879921913,
SynDiff-3D+3D-refine-T2  vs  BEST(pix2pix-2D+3D-post-T2),lpips,30,0.208157383009672,0.2446324750940813,49.0,4.968419671058655e-05,
SynDiff-ResViT->SynDiff-cascade-T2  vs  BEST(pix2pix-2D+3D-post-T2),ssim,30,0.7279616396488316,0.8138262320340097,20.0,6.910413503646851e-07,
SynDiff-ResViT->SynDiff-cascade-T2  vs  BEST(pix2pix-2D+3D-post-T2),psnr,30,15.29353611563259,14.961754186515428,124.0,0.0247860513627529,
SynDiff-ResViT->SynDiff-cascade-T2  vs  BEST(pix2pix-2D+3D-post-T2),lpips,30,0.1801703968102657,0.2446324750940813,9.0,6.146728992462158e-08,
SynDiff-ResViT+SynDiff-joint-T2  vs  BEST(pix2pix-2D+3D-post-T2),ssim,30,0.7189347567768422,0.8138262320340097,15.0,2.551823854446411e-07,
SynDiff-ResViT+SynDiff-joint-T2  vs  BEST(pix2pix-2D+3D-post-T2),psnr,30,15.196329345559024,14.961754186515428,161.0,0.1459994912147522,
SynDiff-ResViT+SynDiff-joint-T2  vs  BEST(pix2pix-2D+3D-post-T2),lpips,30,0.1671358723852102,0.2446324750940813,1.0,3.725290298461914e-09,
SynDiff-2D-T2+FLAIR  vs  BEST(pix2pix-2D+3D-post-T2),ssim,20,0.7064429005783311,0.8083387407697126,1.0,3.814697265625e-06,
SynDiff-2D-T2+FLAIR  vs  BEST(pix2pix-2D+3D-post-T2),psnr,20,14.315040759026935,14.850157568116362,41.0,0.0153121948242187,
SynDiff-2D-T2+FLAIR  vs  BEST(pix2pix-2D+3D-post-T2),lpips,20,0.2057838282478946,0.2515127677885552,10.0,8.20159912109375e-05,
SynDiff-2.5D-T2+FLAIR  vs  BEST(pix2pix-2D+3D-post-T2),ssim,20,0.7075978223456472,0.8083387407697126,2.0,5.7220458984375e-06,
SynDiff-2.5D-T2+FLAIR  vs  BEST(pix2pix-2D+3D-post-T2),psnr,20,14.419401881110169,14.850157568116362,40.0,0.0136165618896484,
SynDiff-2.5D-T2+FLAIR  vs  BEST(pix2pix-2D+3D-post-T2),lpips,20,0.1958951733132696,0.2515127677885552,6.0,2.6702880859375e-05,
SynDiff-3D-T2+FLAIR  vs  BEST(pix2pix-2D+3D-post-T2),ssim,20,0.699053395766662,0.8083387407697126,0.0,1.9073486328125e-06,
SynDiff-3D-T2+FLAIR  vs  BEST(pix2pix-2D+3D-post-T2),psnr,20,14.2833342250003,14.850157568116362,20.0,0.0007076263427734,
SynDiff-3D-T2+FLAIR  vs  BEST(pix2pix-2D+3D-post-T2),lpips,20,0.2287476619504627,0.2515127677885552,54.0,0.058258056640625,
SynDiff-3D+3D-refine-T2+FLAIR  vs  BEST(pix2pix-2D+3D-post-T2),ssim,20,0.6837034391063754,0.8083387407697126,0.0,1.9073486328125e-06,
SynDiff-3D+3D-refine-T2+FLAIR  vs  BEST(pix2pix-2D+3D-post-T2),psnr,20,14.025245743968942,14.850157568116362,31.0,0.004220962524414,
SynDiff-3D+3D-refine-T2+FLAIR  vs  BEST(pix2pix-2D+3D-post-T2),lpips,20,0.236781082059824,0.2515127677885552,70.0,0.2024497985839843,
[arch effect GAN-pix2pix] pix2pix-2.5D-T2  vs  pix2pix-2D-T2,ssim,30,0.8011731500799975,0.7994353031397041,120.0,0.0196608155965805,
[arch effect GAN-pix2pix] pix2pix-2.5D-T2  vs  pix2pix-2D-T2,psnr,30,15.09675574203615,15.005824941724184,56.0,0.0001105815172195,
[arch effect GAN-pix2pix] pix2pix-2.5D-T2  vs  pix2pix-2D-T2,lpips,30,0.2558951393893073,0.2490309214091968,0.0,1.862645149230957e-09,
[arch effect GAN-pix2pix] pix2pix-2D+3D-post-T2  vs  pix2pix-2D-T2,ssim,30,0.8138262320340097,0.7994353031397041,0.0,1.862645149230957e-09,
[arch effect GAN-pix2pix] pix2pix-2D+3D-post-T2  vs  pix2pix-2D-T2,psnr,30,14.961754186515428,15.005824941724184,229.0,0.9515264742076396,
[arch effect GAN-pix2pix] pix2pix-2D+3D-post-T2  vs  pix2pix-2D-T2,lpips,30,0.2446324750940813,0.2490309214091968,103.0,0.0066395364701747,
[arch effect GAN-pix2pix] pix2pix-3D-T2  vs  pix2pix-2D-T2,ssim,30,0.7819806636640235,0.7994353031397041,32.0,5.144625902175903e-06,
[arch effect GAN-pix2pix] pix2pix-3D-T2  vs  pix2pix-2D-T2,psnr,30,14.099068211371751,15.005824941724184,4.0,1.30385160446167e-08,
[arch effect GAN-pix2pix] pix2pix-3D-T2  vs  pix2pix-2D-T2,lpips,30,0.2457699673348378,0.2490309214091968,155.0,0.1141766738146543,
[arch effect GAN-CUT] CUT-2.5D-T2  vs  CUT-2D-T2,ssim,30,0.7972684282940112,0.7996674218065227,38.0,1.218356192111969e-05,
[arch effect GAN-CUT] CUT-2.5D-T2  vs  CUT-2D-T2,psnr,30,14.925170200750406,14.893525367935768,165.0,0.1705983951687812,
[arch effect GAN-CUT] CUT-2.5D-T2  vs  CUT-2D-T2,lpips,30,0.2774927853503922,0.2572733312561249,0.0,1.862645149230957e-09,
[arch effect GAN-CUT] CUT-2D+3D-post-T2  vs  CUT-2D-T2,ssim,30,0.8127951586505492,0.7996674218065227,0.0,1.862645149230957e-09,
[arch effect GAN-CUT] CUT-2D+3D-post-T2  vs  CUT-2D-T2,psnr,30,14.899322974475773,14.893525367935768,171.0,0.2129328530281782,
[arch effect GAN-CUT] CUT-2D+3D-post-T2  vs  CUT-2D-T2,lpips,30,0.2558857492888043,0.2572733312561249,200.0,0.5158484429121017,
[arch effect GAN-CUT] CUT-3D-T2  vs  CUT-2D-T2,ssim,30,0.7831710339824449,0.7996674218065227,30.0,3.7904828786849976e-06,
[arch effect GAN-CUT] CUT-3D-T2  vs  CUT-2D-T2,psnr,30,14.265253464971313,14.893525367935768,1.0,3.725290298461914e-09,
[arch effect GAN-CUT] CUT-3D-T2  vs  CUT-2D-T2,lpips,30,0.2022551510791726,0.2572733312561249,0.0,1.862645149230957e-09,
[arch effect GAN-CycleGAN] CycleGAN-2.5D-T2  vs  CycleGAN-2D-T2,ssim,30,0.8029384359498053,0.775963699132196,8.0,4.6566128730773926e-08,
[arch effect GAN-CycleGAN] CycleGAN-2.5D-T2  vs  CycleGAN-2D-T2,psnr,30,14.80537601475722,13.227955858169649,1.0,3.725290298461914e-09,
[arch effect GAN-CycleGAN] CycleGAN-2.5D-T2  vs  CycleGAN-2D-T2,lpips,30,0.2722098312784514,0.2665619875103823,161.0,0.1459994912147522,
[arch effect GAN-CycleGAN] CycleGAN-2D+3D-post-T2  vs  CycleGAN-2D-T2,ssim,30,0.8063278119120333,0.775963699132196,6.0,2.60770320892334e-08,
[arch effect GAN-CycleGAN] CycleGAN-2D+3D-post-T2  vs  CycleGAN-2D-T2,psnr,30,14.68072492603425,13.227955858169649,0.0,1.862645149230957e-09,
[arch effect GAN-CycleGAN] CycleGAN-2D+3D-post-T2  vs  CycleGAN-2D-T2,lpips,30,0.2620073909914017,0.2665619875103823,181.0,0.2988441474735737,
[arch effect GAN-CycleGAN] CycleGAN-3D-T2  vs  CycleGAN-2D-T2,ssim,30,0.7900887933292855,0.775963699132196,130.0,0.0345367342233657,
[arch effect GAN-CycleGAN] CycleGAN-3D-T2  vs  CycleGAN-2D-T2,psnr,30,14.25258651787589,13.227955858169649,75.0,0.000729601830244,
[arch effect GAN-CycleGAN] CycleGAN-3D-T2  vs  CycleGAN-2D-T2,lpips,30,0.2080255194872612,0.2665619875103823,0.0,1.862645149230957e-09,
[arch effect GAN-SwinPix2Pix] SwinPix2Pix-2.5D-T2  vs  SwinPix2Pix-2D-T2,ssim,30,0.8019756781763501,0.78451274154942,4.0,1.30385160446167e-08,
[arch effect GAN-SwinPix2Pix] SwinPix2Pix-2.5D-T2  vs  SwinPix2Pix-2D-T2,psnr,30,15.011230370753715,14.919530790689445,62.0,0.0002091266214847,
[arch effect GAN-SwinPix2Pix] SwinPix2Pix-2.5D-T2  vs  SwinPix2Pix-2D-T2,lpips,30,0.2335162817721487,0.2501968484076407,4.0,1.30385160446167e-08,
[arch effect GAN-SwinPix2Pix] SwinPix2Pix-2D+3D-post-T2  vs  SwinPix2Pix-2D-T2,ssim,30,0.8127929231071979,0.78451274154942,0.0,1.862645149230957e-09,
[arch effect GAN-SwinPix2Pix] SwinPix2Pix-2D+3D-post-T2  vs  SwinPix2Pix-2D-T2,psnr,30,14.88218754477467,14.919530790689445,157.0,0.124134462326765,
[arch effect GAN-SwinPix2Pix] SwinPix2Pix-2D+3D-post-T2  vs  SwinPix2Pix-2D-T2,lpips,30,0.2346151440597007,0.2501968484076407,18.0,4.7124922275543213e-07,
[arch effect GAN-SwinPix2Pix] SwinPix2Pix-3D-T2  vs  SwinPix2Pix-2D-T2,ssim,30,0.7853026542123428,0.78451274154942,225.0,0.8871948085725307,
[arch effect GAN-SwinPix2Pix] SwinPix2Pix-3D-T2  vs  SwinPix2Pix-2D-T2,psnr,30,14.245009181270865,14.919530790689445,19.0,5.718320608139038e-07,
[arch effect GAN-SwinPix2Pix] SwinPix2Pix-3D-T2  vs  SwinPix2Pix-2D-T2,lpips,30,0.2413217389986492,0.2501968484076407,83.0,0.0014574769884347,
[arch effect ResViT] ResViT-2.5D-T2  vs  ResViT-2D-T2,ssim,30,0.7229053623114197,0.7197601249999205,151.0,0.0961015727370977,
[arch effect ResViT] ResViT-2.5D-T2  vs  ResViT-2D-T2,psnr,30,15.40746933771084,15.23221214672147,112.0,0.0120476223528385,
[arch effect ResViT] ResViT-2.5D-T2  vs  ResViT-2D-T2,lpips,30,0.1726203656489028,0.1830522452664315,72.0,0.0005548261106014,
[arch effect ResViT] ResViT-2D+3D-refine-T2  vs  ResViT-2D-T2,ssim,30,0.7307141683475452,0.7197601249999205,0.0,1.862645149230957e-09,
[arch effect ResViT] ResViT-2D+3D-refine-T2  vs  ResViT-2D-T2,psnr,30,15.162804906120146,15.23221214672147,153.0,0.1048399042338132,
[arch effect ResViT] ResViT-2D+3D-refine-T2  vs  ResViT-2D-T2,lpips,30,0.189516024665893,0.1830522452664315,88.0,0.0021877754479646,
[arch effect ResViT] ResViT-3D-T2  vs  ResViT-2D-T2,ssim,30,0.7080702007492069,0.7197601249999205,96.0,0.0040317941457033,
[arch effect ResViT] ResViT-3D-T2  vs  ResViT-2D-T2,psnr,30,14.753239322402084,15.23221214672147,105.0,0.0076121371239423,
[arch effect ResViT] ResViT-3D-T2  vs  ResViT-2D-T2,lpips,30,0.1655223016429766,0.1830522452664315,71.0,0.0005054883658885,
[arch effect SynDiff] SynDiff-2.5D-T2  vs  SynDiff-2D-T2,ssim,30,0.7262477833896621,0.7263469218132582,220.0,0.8078304156661034,
[arch effect SynDiff] SynDiff-2.5D-T2  vs  SynDiff-2D-T2,psnr,30,14.626533139216692,14.66929180616923,204.0,0.5698575973510742,
[arch effect SynDiff] SynDiff-2.5D-T2  vs  SynDiff-2D-T2,lpips,30,0.1857300764535434,0.187595822059723,157.0,0.124134462326765,
[arch effect SynDiff] SynDiff-3D-T2  vs  SynDiff-2D-T2,ssim,30,0.6978028718553778,0.7263469218132582,0.0,1.862645149230957e-09,
[arch effect SynDiff] SynDiff-3D-T2  vs  SynDiff-2D-T2,psnr,30,14.136080038907789,14.66929180616923,35.0,7.994472980499268e-06,
[arch effect SynDiff] SynDiff-3D-T2  vs  SynDiff-2D-T2,lpips,30,0.2144135550372353,0.187595822059723,56.0,0.0001105815172195,
[arch effect SynDiff] SynDiff-3D+3D-refine-T2  vs  SynDiff-2D-T2,ssim,30,0.7068451612993459,0.7263469218132582,2.0,5.587935447692871e-09,
[arch effect SynDiff] SynDiff-3D+3D-refine-T2  vs  SynDiff-2D-T2,psnr,30,14.94632271283085,14.66929180616923,82.0,0.0013406034559011,
[arch effect SynDiff] SynDiff-3D+3D-refine-T2  vs  SynDiff-2D-T2,lpips,30,0.208157383009672,0.187595822059723,58.0,0.0001373942941427,
[arch effect SynDiff] SynDiff-ResViT->SynDiff-cascade-T2  vs  SynDiff-2D-T2,ssim,30,0.7279616396488316,0.7263469218132582,196.0,0.4645450450479984,
[arch effect SynDiff] SynDiff-ResViT->SynDiff-cascade-T2  vs  SynDiff-2D-T2,psnr,30,15.29353611563259,14.66929180616923,16.0,3.1478703022003174e-07,
[arch effect SynDiff] SynDiff-ResViT->SynDiff-cascade-T2  vs  SynDiff-2D-T2,lpips,30,0.1801703968102657,0.187595822059723,106.0,0.0081429798156023,
[arch effect SynDiff] SynDiff-ResViT+SynDiff-joint-T2  vs  SynDiff-2D-T2,ssim,30,0.7189347567768422,0.7263469218132582,73.0,0.0006084088236093,
[arch effect SynDiff] SynDiff-ResViT+SynDiff-joint-T2  vs  SynDiff-2D-T2,psnr,30,15.196329345559024,14.66929180616923,30.0,3.7904828786849976e-06,
[arch effect SynDiff] SynDiff-ResViT+SynDiff-joint-T2  vs  SynDiff-2D-T2,lpips,30,0.1671358723852102,0.187595822059723,10.0,8.009374141693115e-08,
